date,variant_00,variant_01,variant_02,variant_03,variant_04,variant_05,variant_06,variant_07,variant_08,variant_09,variant_10,variant_11,variant_12,variant_13,variant_14,variant_15,variant_16,variant_17,variant_18,variant_19
2022-01-03,-0.016691,-0.00356,-0.010606,0.004669,0.010499,0.003438,0.006288,0.009979,-0.002365,-0.02264,-0.008344,0.003513,0.006677,0.035268,0.006309,-0.01305,-0.003608,-0.013969,0.00606,-0.011281
2022-01-04,0.009031,-0.014806,-0.005341,0.001638,-0.006685,-0.002523,-0.002219,0.004181,-0.004313,0.002723,0.000568,0.004246,0.002249,0.016577,-0.006637,0.011992,-0.004026,-0.009579,0.012112,-0.004395
2022-01-05,-0.003876,-0.013887,-0.020982,0.006343,-0.011653,0.007783,0.018482,-0.001148,-0.011266,0.003942,0.007617,-0.002618,0.000175,0.013353,0.012655,0.0071,-0.008664,-0.000537,0.006029,-0.002119
2022-01-06,-0.0061,-0.007654,-0.00632,-0.006716,-0.004511,0.011457,-0.008006,0.008869,0.004176,0.001397,-0.008274,-0.004567,0.019736,0.000991,0.005382,0.00663,0.010556,-0.002375,-0.006102,-0.000596
2022-01-07,-0.002608,0.007907,0.001896,0.002393,0.00145,0.012284,-0.005426,-0.004784,0.008851,-0.001064,0.003609,-0.00729,0.000233,0.004318,-0.013274,-0.006949,0.004231,0.022488,0.004623,-0.000589
2022-01-10,-0.008452,0.003916,-0.025014,-0.000495,-0.003301,-0.005194,0.023204,-0.024735,-0.000223,0.00069,0.004673,-0.016017,-0.004666,-0.014954,-0.001276,0.001959,0.001645,-0.00198,0.001859,0.001774
2022-01-11,0.004051,0.000252,-0.017829,-0.008147,0.003456,-0.009103,-0.007984,0.001134,-0.000455,0.008938,0.005119,-0.004351,0.001143,-0.028589,-0.007974,-0.001474,-0.023872,-0.003224,0.002516,0.01035
2022-01-12,0.004029,0.018843,0.01528,-0.016344,-0.002261,-0.001562,0.000917,-0.005727,0.006104,0.00745,-0.015243,0.009454,-0.006475,0.010563,0.005647,-0.001305,0.019884,0.008902,0.000323,0.00249
2022-01-13,0.024151,0.014171,0.009497,0.002152,0.005628,0.001485,-0.015258,0.008857,0.004148,-0.013506,-0.006423,-0.00248,0.003257,0.017289,0.000177,-0.019412,0.006498,-0.001681,-0.017428,-0.022817
2022-01-14,-0.010643,0.003783,-0.007584,0.005997,-0.002811,0.001837,0.007029,0.005789,-0.010525,0.019281,-0.019773,-0.00188,-0.010216,0.011902,-0.013105,-0.010341,-0.01139,-0.013783,-0.005728,0.001802
2022-01-17,-0.009696,-0.01694,-0.002811,-0.000457,0.006967,-0.008246,-0.002024,0.008923,-0.010076,-0.001109,-0.003745,-0.014556,-0.001301,0.011092,0.022309,-0.014571,0.009196,0.011028,0.012063,-0.004451
2022-01-18,0.003062,-0.006196,0.005522,0.011903,-0.002561,0.002131,0.008512,0.007094,-0.006697,0.013623,0.004767,0.001466,0.000328,0.006915,0.010225,-0.01274,-0.008734,-0.017294,0.004398,0.003823
2022-01-19,-0.003518,-0.010988,0.013076,0.015984,0.015773,0.000488,0.001394,0.001372,-0.00136,-0.012284,-0.006067,0.008153,-3e-05,-0.004768,-0.00252,0.017495,0.014869,0.011021,0.001765,-0.012101
2022-01-20,0.001941,-0.003226,0.006196,0.010234,-0.006825,0.013182,0.000579,0.0009,-0.005583,-0.001861,0.000935,-0.001997,-0.003167,-0.003943,0.020376,-0.002055,0.007558,0.000774,-0.029209,0.031216
2022-01-21,1.4e-05,-0.005516,0.013152,0.014847,-0.005703,-0.00832,-0.008865,0.003498,0.001633,0.007841,-0.001139,-0.005125,0.001192,-0.005714,0.0066,0.004169,0.005561,0.004523,-0.004193,-0.017231
2022-01-24,0.012672,0.010849,-0.007437,0.008992,0.001551,-0.000733,-6.6e-05,-0.008308,-0.001309,0.000521,0.00203,-0.006263,0.003829,-0.005826,-0.005047,0.000793,-0.004633,-0.010341,-0.005302,-0.007031
2022-01-25,0.001263,0.006719,0.005803,-0.006761,-0.003638,0.002613,-0.016269,0.008483,0.012125,0.006822,-0.021914,0.002571,-0.018631,0.009147,-0.021874,-0.01431,0.003461,-0.014428,-0.027746,-0.011031
2022-01-26,0.004258,-0.012019,-0.011163,0.001567,-0.000201,0.012269,0.008393,-0.003556,-0.007305,0.010602,-0.006992,-0.01117,0.004482,-0.006244,-0.01573,0.005997,0.008878,-0.012202,-0.003838,-0.004916
2022-01-27,-0.001773,-0.004596,-0.015225,0.000239,-0.003437,0.00126,0.006575,0.008108,0.004218,-0.026421,-0.010434,0.000841,0.008202,-0.010375,-0.007905,0.017285,-0.025633,-0.003405,-0.006841,-0.004183
2022-01-28,-0.003676,0.006399,0.009533,0.030897,0.017986,-0.000572,0.002575,0.010615,0.026876,-0.001769,0.004125,-0.001723,0.012057,-0.013551,0.001573,-0.013207,0.002876,0.008168,-0.003895,-0.002211
2022-01-31,0.011541,-0.000943,0.005789,-0.002284,-0.00923,-0.004053,0.021209,-0.002704,0.00072,0.012215,0.003912,0.005599,0.023236,0.00947,-0.007889,0.007066,-0.005749,-0.00328,0.010957,0.000878
2022-02-01,-0.002743,-0.005484,0.001632,-0.002546,0.009921,0.002209,-0.001381,0.031077,0.003379,-0.007087,-0.01228,-0.011192,-0.0136,-0.0008,-0.000185,0.006062,-0.010064,-0.004654,-0.005747,0.016546
2022-02-02,0.001458,0.004448,0.011206,0.002339,-0.000555,-0.004284,-0.002897,-0.000341,-0.00233,-0.00228,0.019119,-0.013294,-0.020574,0.003829,0.013824,-0.00264,0.008419,0.016624,-0.002236,0.002205
2022-02-03,-0.008133,-0.006285,-0.003939,0.007432,0.014988,0.007,-0.008531,-0.00769,-0.003541,0.000258,0.006028,-0.014778,-0.010302,0.01809,0.00493,0.004443,-0.013683,0.010582,0.005774,-0.014281
2022-02-04,-0.011974,0.006713,-0.012781,0.006402,-0.004977,0.007065,0.009552,0.018984,-0.01726,-0.014283,-0.000674,0.017305,0.005497,-0.013238,0.009475,-0.000418,0.013253,-0.01128,0.009628,0.014232
2022-02-07,-0.009578,0.001785,0.004839,0.002415,-0.008295,0.010553,-0.008761,0.001295,0.005363,0.004061,0.006408,-0.017813,-0.022422,0.002616,0.00373,0.01435,-0.001988,-0.00135,-0.014707,0.004235
2022-02-08,0.014617,-0.00374,0.004914,0.012171,0.012127,0.009655,0.010562,-0.033494,-0.018424,0.003992,-0.016584,0.010033,-0.005478,-0.015433,0.009053,-0.006206,-0.009551,0.007732,-0.001959,-0.011822
2022-02-09,-0.010667,-0.016223,0.01647,0.013345,0.000574,-0.006746,0.004945,-0.001904,0.007973,0.006399,0.000677,-0.002671,0.006137,0.000119,-0.01648,0.002936,0.018113,-0.003618,0.002753,-0.003231
2022-02-10,0.002919,-0.002885,0.023807,0.004807,0.000473,0.003357,0.0012,0.014934,-0.006814,-0.007916,0.00575,-0.001887,-0.006128,-0.018496,1.9e-05,-0.005668,0.010997,-0.010712,0.004335,-0.000292
2022-02-11,-0.006554,0.013076,0.014893,-0.002712,-0.001756,-0.020623,0.009656,-0.001063,0.012121,-0.003782,0.006105,0.005171,0.005718,-0.003744,-0.005898,-0.010637,0.002581,-0.007808,0.005674,-0.01854
2022-02-14,0.014091,0.005815,0.00127,-0.007318,-0.007684,-0.004153,0.007043,0.00257,0.004598,0.009693,0.006884,0.008851,1.5e-05,-0.009821,0.01452,0.013635,-0.016587,-0.001736,0.02377,0.013384
2022-02-15,0.011086,-0.022414,-0.003133,-0.007117,-0.000515,-0.000385,0.010892,-0.004753,-0.00164,-0.008847,-0.014419,0.004056,0.011291,-4e-06,0.014439,-0.003945,0.005573,-0.020076,0.003835,0.01775
2022-02-16,-0.00689,0.005128,0.004155,-0.002933,0.00248,-0.001826,-0.007096,-0.000129,-0.0029,0.001007,-0.022373,-0.004005,0.010883,0.006788,0.01224,-0.00054,0.010473,0.016504,-0.004543,-0.000879
2022-02-17,0.029919,-0.004477,-0.018732,0.015885,0.001835,-0.014682,-0.012495,0.003959,-0.013853,-0.00786,-0.014433,0.001084,-0.000345,-0.017975,0.015388,-0.009915,-0.0042,0.021089,-0.001959,-0.005381
2022-02-18,-0.005765,0.008254,-0.005838,-0.02013,-0.013243,-0.006577,-0.00174,-0.016271,0.001252,-0.005118,-0.010848,-0.002983,0.018877,-0.0038,-0.001754,0.008399,-0.002258,0.004477,0.004065,-0.013294
2022-02-21,0.005239,-0.006751,-0.004144,-0.000741,-0.012052,0.007198,0.00805,0.02242,-0.005405,-0.003728,0.017139,-0.01744,-0.006321,0.014829,-0.008489,0.023815,-0.004944,-0.011069,0.000225,-2.1e-05
2022-02-22,-0.005396,-0.004939,0.001077,-0.004757,-0.010075,-0.000136,-0.001372,-0.016374,0.002883,-0.001398,0.013465,-0.005097,-0.010959,-0.008387,0.011976,0.005258,-0.000934,-0.011514,-0.005666,0.000121
2022-02-23,0.005681,-0.004486,0.013022,-0.002714,0.012061,-0.0145,0.006226,-0.003612,-0.020529,0.006879,-0.006119,0.010624,-0.011891,-0.000875,0.003375,-0.016216,-0.003244,0.005632,-0.008332,-0.006785
2022-02-24,0.008431,0.028052,-0.006405,0.004755,-0.006393,0.015421,-0.005689,0.002356,0.012164,-0.010594,0.005783,-0.002619,-0.017142,-0.006008,2.8e-05,-0.005497,0.008755,-0.003603,0.002038,0.004726
2022-02-25,0.021138,0.006748,-0.007536,0.015784,0.001555,0.002719,-0.012038,-0.003014,0.002462,-0.015571,-0.003544,0.000168,-0.007435,0.014093,0.0166,-0.013617,-0.019404,-0.014016,0.013502,-0.01217
2022-02-28,-0.002317,0.013922,0.006961,0.009741,0.000935,0.022583,-0.004363,-0.012121,0.001222,0.028574,0.016049,-0.002576,-0.01615,0.000699,0.005253,0.006277,-0.001012,-0.010233,-0.005319,0.004161
2022-03-01,0.014129,0.010471,-0.002403,-0.002111,0.011992,0.010947,0.005079,-0.022628,-0.013993,0.007402,0.011533,0.004772,0.001169,-4.5e-05,0.003782,-0.014514,-0.006984,0.005838,-0.002933,-0.001612
2022-03-02,-0.000328,0.003612,-0.005459,-0.010762,0.003079,-0.017243,-0.001703,-0.014297,0.010772,0.023829,-0.011676,0.009197,-0.004932,-0.006142,-0.004613,0.003676,0.006289,-0.007018,-0.006312,0.011118
2022-03-03,0.0139,-0.010582,-0.003254,0.010179,0.021025,0.002467,0.004981,-0.008845,0.010395,0.005023,-0.003495,0.00019,0.022522,0.015457,0.015505,-0.008876,-0.012123,-0.015685,0.006547,-0.011602
2022-03-04,-0.01036,0.01195,-0.018367,0.00541,-0.012047,0.001337,0.023893,0.003685,-0.002423,-0.002007,-0.002086,-0.00523,-0.016657,-0.008548,0.013918,0.012723,0.006557,-0.000181,0.006556,0.002826
2022-03-07,0.006344,0.015738,0.012813,-0.003112,-0.008465,-0.020477,-0.007081,-0.000626,-0.001061,-0.000109,0.004489,0.010377,-0.014983,-0.009576,-0.009553,0.00715,0.018509,0.002412,0.004817,-0.004678
2022-03-08,-0.009347,-0.006297,0.016338,-3.5e-05,-0.0017,0.006717,0.001355,0.011216,0.00042,0.00332,0.005559,-0.005517,-0.003578,0.006751,0.001751,-0.005201,0.000354,0.025691,-0.001329,-0.007362
2022-03-09,0.004579,0.017002,-0.001466,-0.001987,-0.003903,-0.012625,-0.000663,0.0112,0.004508,0.001393,-0.016647,-0.003253,-0.010905,-0.026574,-0.005762,0.006256,-0.009379,-0.008357,0.01775,0.006968
2022-03-10,0.012899,0.013413,0.006786,-0.000394,0.004833,0.014791,0.00275,0.001652,0.002218,0.009339,-0.004954,0.016984,0.009733,-0.006411,0.017946,-0.016917,-0.023168,0.00613,-0.007618,-0.006199
2022-03-11,0.005332,0.011012,0.022567,0.004936,-0.007118,0.005939,-0.003209,-0.005519,0.010947,0.012922,-0.018812,0.010336,0.001494,0.005181,-0.010061,-0.010864,-0.005085,0.005138,-0.002038,-0.004043
2022-03-14,0.00881,-0.00844,-0.019705,0.004172,-0.012405,0.001269,0.010434,-0.009196,-0.006388,-0.014463,-0.001435,-0.008509,-0.019211,-0.003399,0.008978,-0.013686,0.001339,-0.007875,-0.019567,0.01291
2022-03-15,0.00359,0.000309,-0.008658,-0.019574,0.007957,-0.008128,0.01726,-0.008279,-0.004593,-0.002513,-0.003564,0.003223,-0.001746,0.000403,-0.006836,0.014147,-9.5e-05,-0.004175,6.2e-05,-0.010496
2022-03-16,-0.00505,0.001557,0.00185,0.016931,-0.001264,0.002863,-0.010408,0.01173,-0.003232,0.019171,-0.018214,0.013532,-0.002749,-0.002815,-0.011958,0.005554,0.01144,-0.01375,0.001752,-0.007757
2022-03-17,0.002308,0.002246,-0.013011,-0.019086,-0.002469,0.007124,-0.01265,-0.001086,0.00551,-0.007136,-0.012666,-0.004594,0.007105,-0.0009,0.012137,-0.013246,0.023082,0.002492,-0.007835,0.013272
2022-03-18,-0.005267,-0.007651,-0.005542,-0.026413,0.006492,-0.002553,-0.005339,-0.01156,0.014077,-0.001444,-0.004948,0.007159,-0.006423,-0.006304,0.007981,0.006309,0.005222,0.005269,-0.000767,-0.010134
2022-03-21,-0.001513,0.016895,-0.003587,0.009632,-0.007482,0.002481,-0.007609,0.001687,-0.005664,-0.017831,-0.003751,0.008874,-0.006999,-0.005822,-0.004909,-0.005071,0.007663,0.001084,-0.002981,-0.011865
2022-03-22,0.013856,-0.001901,-0.003718,-0.012906,0.005398,0.001823,-0.000354,-0.016325,-0.016036,-0.003549,0.022104,-0.001455,0.007486,0.018889,0.014058,0.00176,-0.01815,0.002594,0.00692,0.00425
2022-03-23,-0.004735,-0.013094,0.005912,0.011397,3.7e-05,-0.002002,0.003478,-0.013886,-0.006626,-0.000869,-0.014001,0.006995,0.000361,0.006623,-0.014932,0.002876,-0.009348,0.003085,-0.01005,0.002687
2022-03-24,0.024155,-0.007951,0.003402,0.004235,0.011107,0.007459,0.008197,-0.013177,-0.004547,-0.01344,-0.010487,0.013698,-0.002035,-0.011416,-0.002904,0.010234,-0.008414,-0.003223,-0.00899,-0.009427
2022-03-25,0.004634,0.013399,-0.00659,0.016527,-0.008476,0.019374,0.002509,0.019764,-0.01034,0.008772,0.009785,-0.009469,-0.010926,-0.00154,-0.007391,0.010743,-0.005139,-0.001682,0.000833,0.018272
2022-03-28,0.011163,0.008221,0.00086,0.003807,-0.019312,-0.001842,-0.010397,0.000725,-0.000697,-0.005995,0.00105,0.001814,-0.011075,0.007254,0.00386,-0.001443,0.004091,0.012855,0.011656,0.00967
2022-03-29,0.002782,0.022846,0.017705,-0.019523,0.008651,-0.021838,0.010382,0.010585,0.001157,0.000231,0.005214,0.007897,0.002591,-0.014174,-0.005489,0.010957,0.001886,0.0007,0.013571,-0.002292
2022-03-30,-0.009073,-0.009838,0.01665,-0.005669,0.014498,0.001409,-0.00186,0.005223,-0.002846,-0.010754,0.008228,0.007854,-0.00645,-0.007932,0.022065,0.00308,0.008877,-0.007916,-0.009004,0.018319
2022-03-31,-0.012321,-0.01526,0.006491,-0.001705,-0.00953,-0.010674,0.003137,0.001993,-0.001403,-0.006522,0.013463,-0.017121,0.010738,0.027349,-0.00333,0.005129,-0.011573,-0.006974,0.023163,0.006321
2022-04-01,0.012106,0.009633,-0.01837,-0.017024,-0.006159,0.007327,-0.017149,0.006605,0.000125,0.015104,-0.003343,-0.007033,-0.005157,-0.00467,-0.00777,-0.011861,0.002748,0.02437,0.004831,0.01574
2022-04-04,-0.010656,0.009916,0.002989,0.009711,0.004213,-0.007207,-0.008586,0.003986,-0.004921,0.008156,-0.007393,-0.000478,0.004866,0.002547,0.002876,0.002417,-0.018285,-0.023653,0.011872,0.014084
2022-04-05,0.008014,0.009656,-0.003298,-0.025911,-0.00363,0.013165,-0.003803,-0.004103,0.006955,-0.00459,-0.003445,-0.007314,-0.002332,0.004343,0.015499,0.014909,-0.004606,-0.001828,0.006514,-0.00432
2022-04-06,-0.022176,0.018361,-0.009827,0.001519,-0.001017,0.001478,-0.004193,0.001623,-0.017476,0.001614,-0.006794,-0.002779,0.007378,-6.7e-05,0.00893,-0.003209,0.021532,-0.00551,-0.005905,-0.003747
2022-04-07,0.004649,-0.006417,0.007902,-0.002973,0.002335,-0.005687,0.014948,-0.011409,-0.010782,0.010489,-0.000409,0.006895,0.014129,0.007939,-0.007541,0.000681,-0.017503,-0.004862,-0.006257,-0.008363
2022-04-08,-0.007968,-0.000966,0.002745,-0.028078,0.012025,-0.003232,-0.001975,0.00453,0.023683,0.02305,-0.006037,0.010234,0.003246,-0.000108,-0.008523,-0.003635,0.005156,0.002329,0.024375,-0.008049
2022-04-11,0.000468,0.000929,0.011825,0.002403,0.005901,-0.00766,0.00457,-0.002929,0.005284,0.020296,0.008603,-0.006282,-0.005158,-0.000455,0.005001,0.006832,-0.009291,0.012977,0.000984,-0.008051
2022-04-12,-0.017459,-0.009992,-0.018906,0.011357,0.001348,0.004001,-0.011736,-0.027211,-0.001773,-0.003397,-0.004067,-0.000653,-0.001993,-0.02327,0.00126,0.007824,-0.002496,-0.023091,-0.001363,-0.009236
2022-04-13,0.003607,0.022354,-0.015938,-0.020061,0.007619,-0.019833,0.008867,-0.000306,-0.006879,-0.017384,-0.004454,-0.004082,0.003368,0.014883,-0.008932,0.008148,0.008989,-0.005905,-0.006687,0.006565
2022-04-14,-0.022616,0.002871,-0.01474,-0.005427,-8e-05,-0.006845,-0.005309,-0.003295,0.012668,-0.022899,0.016383,0.008578,-0.019165,0.005092,-0.00497,-0.010334,0.000488,0.005011,0.003906,-0.016728
2022-04-15,-0.008241,-0.007347,0.003986,0.007595,-0.002856,0.008497,0.001154,0.004327,-0.008032,0.016412,0.010157,0.004901,-0.016103,0.005119,0.007747,0.005817,-0.010458,-0.006814,0.021415,-0.011891
2022-04-18,-0.010659,0.003135,0.01458,-0.001074,0.00334,0.006543,-0.019887,-0.007745,-0.005926,-0.003639,-0.008843,-0.00224,0.019372,0.002166,0.012934,0.000734,0.00176,-0.000202,0.010943,-0.004654
2022-04-19,-0.001567,-0.016645,0.006791,-0.009338,0.006315,0.005557,0.001513,-0.000619,-0.007439,-0.005234,-0.005331,0.006698,0.003725,-0.002411,0.008787,0.010376,-0.030265,-0.008721,0.013413,0.006306
2022-04-20,-0.003879,0.006947,0.009504,0.008806,-0.009002,-0.005601,0.006109,0.00185,0.003638,-0.021553,0.009314,-0.000389,-0.007301,-0.004315,-0.007565,0.013291,-0.007775,0.00429,-0.006486,-0.009014
2022-04-21,-0.002474,0.008434,-0.009404,-0.019674,0.003767,-0.01175,0.000966,0.013603,0.00592,0.00525,-0.024408,-0.00254,0.005311,7.5e-05,0.001178,-0.008347,0.012387,-0.009417,-0.003761,-0.011643
2022-04-22,0.004031,0.005132,-0.002894,-0.005574,-0.001668,0.025575,-0.023496,-0.003307,0.007377,0.001833,-0.003579,0.001208,-0.005014,-0.010034,-0.005159,0.013029,0.008349,-0.004832,0.000105,0.001244
2022-04-25,0.0076,-0.01007,0.01172,-0.006569,0.005855,0.003813,-0.011611,0.005497,0.01176,0.021976,0.005871,-0.003323,-0.001673,0.012692,0.019046,0.004692,0.001129,0.006855,0.005928,-0.00058
2022-04-26,-0.006797,-0.006577,-0.010755,0.008398,0.002027,0.00775,-0.016189,-0.00192,-2.6e-05,0.003072,-0.007408,0.011752,-0.007773,-0.019795,-0.011731,-0.004098,0.005556,-0.022602,-0.001172,0.009936
2022-04-27,0.009794,-0.001913,0.01192,-0.00111,0.003599,-0.002363,-0.000218,0.020879,0.006493,0.008883,-0.002293,-0.009856,-0.003652,0.003021,-0.007117,0.009312,-0.019559,0.019528,-0.001374,0.020543
2022-04-28,0.019655,0.018106,-0.000218,0.005993,-0.010894,0.002021,-0.000336,-0.019282,-0.00869,0.013261,-0.012234,0.009561,5.4e-05,-0.001813,-0.014881,0.004177,0.006582,0.025408,-0.002336,-0.006054
2022-04-29,0.006137,0.001156,-0.005581,0.008436,0.002118,0.002549,0.012407,-0.00802,0.009667,-0.006978,0.004323,-0.000631,-0.001552,-0.037621,-0.002378,-0.010869,-0.00154,-0.002522,0.004911,-0.018347
2022-05-02,-0.002472,0.008104,-0.009765,0.001659,0.017719,0.001626,0.005397,-0.003969,-0.014705,-0.007786,0.005579,0.021086,-0.012889,-0.009625,-0.002724,-0.013638,-0.000968,0.003796,0.001296,-0.004538
2022-05-03,-0.018955,0.007518,-0.007663,8.8e-05,-0.005688,-0.010052,-0.006725,-0.006317,-0.018279,-0.014581,0.001863,0.007053,-0.001949,-0.012063,-0.002995,0.008875,-0.007008,0.010312,-0.004413,-0.000691
2022-05-04,-0.009891,0.003357,0.012694,-0.005462,0.002602,-0.008789,0.002721,0.003899,0.008293,-0.00394,-0.018469,0.000973,-0.001535,-0.008823,0.007963,-0.003566,0.00174,0.000103,0.004771,0.006534
2022-05-05,-0.006541,0.00341,0.009148,0.007926,0.007616,-0.020059,-0.006489,-0.00139,-0.002639,-0.006851,0.000128,0.025078,-0.004719,-0.003276,0.008491,-0.015883,-0.009358,-0.01174,0.000268,-0.009693
2022-05-06,-0.003906,-0.013255,0.001467,0.014553,-0.001863,-0.005324,-0.000902,-0.002281,0.008665,0.015443,-0.011003,0.002691,0.020817,0.006325,-0.012783,0.01277,-0.007328,-0.007193,-0.003699,-0.009239
2022-05-09,0.000774,0.002246,0.005678,0.003023,0.002206,0.002561,0.008144,0.003084,-0.01312,-0.01301,-0.007599,-0.002393,0.001465,-0.024233,-0.001359,0.004217,0.007649,-0.003535,-0.004391,0.004016
2022-05-10,0.010204,0.007826,-0.000479,0.002999,0.003972,-0.006484,-0.013137,-0.011224,0.003418,0.006514,-0.013847,0.010176,0.002812,-0.001726,-0.005506,-0.000888,-0.009564,0.014103,-0.015557,-0.000771
2022-05-11,-0.009118,0.006681,-0.019869,-0.008722,-0.006641,0.012869,0.007043,0.005661,-0.009258,0.013594,-0.006743,0.001983,0.005058,-0.002419,-0.004296,0.000103,-0.024387,0.010469,-0.004602,-0.006298
2022-05-12,0.018405,0.004255,0.00619,0.008555,0.01396,-0.012144,0.023974,0.004694,-0.012533,0.001538,0.014991,-0.007688,0.000827,-0.006542,-0.025091,-0.0072,-0.009341,-0.008411,0.011263,-0.002036
2022-05-13,0.009011,0.006899,-0.00687,-0.005955,-0.00897,0.011442,-0.01606,-0.013724,0.00311,-0.004596,0.015963,-0.010053,-0.000953,0.000251,-0.012192,-0.001517,0.001424,-0.00222,-0.00543,0.018336
2022-05-16,-0.002063,-0.00757,0.00186,0.008039,-0.010093,-0.011724,0.007344,-0.001591,0.014886,0.01653,-0.004361,-0.004883,-0.000899,0.001068,0.007138,-0.000174,0.006655,0.002995,-0.018721,-0.012116
2022-05-17,0.01521,0.003599,-0.009731,0.021761,0.013444,-0.014231,-0.001284,0.003106,-0.003288,-0.009202,0.007179,-0.002302,-0.002265,0.017322,-0.000341,-0.010644,-0.00088,0.006351,0.013099,0.004163
2022-05-18,-0.015833,-0.010589,-0.005512,-0.007587,0.005596,-0.008718,0.010185,0.012293,-0.000203,-0.014873,0.007403,0.004244,-0.003034,-0.004173,-0.003024,-0.007099,-0.004384,0.007409,-0.005334,0.013071
2022-05-19,-0.012374,0.013893,0.006986,0.002173,-0.005329,-0.011688,0.011553,-0.002555,-0.010957,0.00366,-0.012094,0.003351,0.002083,0.019132,-0.026867,0.005944,-0.003669,0.001093,0.00164,0.001169
2022-05-20,-0.001046,0.002103,-0.006452,-0.011702,-0.012672,0.004041,0.007237,0.003092,-0.009934,0.01356,-0.007055,-0.008562,-0.005584,0.003772,-0.020551,-0.012194,0.01719,-0.008561,-0.011917,-0.011044
2022-05-23,-0.017157,0.000534,-0.003672,0.0046,-0.030365,0.006929,-0.006601,0.016323,-0.018869,0.002355,-0.009346,-0.010563,-0.002292,-0.001013,-0.019507,-0.006522,0.025005,-0.005421,0.013067,-0.014659
2022-05-24,-0.000432,0.020821,0.005129,-0.009716,-0.014974,0.003501,-0.003901,-0.003166,-0.016456,0.011747,-0.014439,-0.001729,-0.000496,0.010567,-0.007921,-0.017661,0.001065,-0.003786,-0.014498,-0.006915
2022-05-25,0.001035,0.006254,0.00915,0.011211,0.007448,-0.007808,-9e-05,-0.003014,-0.009178,-0.019007,-0.003468,0.006549,-0.008415,0.006662,-0.004708,0.002039,-0.001086,0.011039,-0.004119,0.027953
2022-05-26,0.003755,-0.01204,-0.002521,-0.013176,-0.002009,-0.006154,0.015574,0.011837,0.005367,-0.003949,0.002383,-0.001871,0.022341,0.005392,0.003588,-0.007872,-0.007885,-0.010123,0.000455,0.012648
2022-05-27,-0.015256,-0.010039,-0.007599,0.014322,0.010708,0.004908,-0.002576,-0.009829,0.014024,-0.008868,0.001926,0.004754,-0.002626,0.015484,0.005349,-0.01903,0.007019,-0.014984,-0.014206,0.001223
2022-05-30,0.012758,0.003962,-0.001344,-0.000865,-0.000733,-0.001929,-0.01998,0.010471,-0.023311,-0.003681,0.013826,0.006348,-0.007342,0.015643,0.013903,-0.008383,-0.000973,-0.000534,-0.002468,-0.000764
2022-05-31,0.001295,0.014469,0.001018,0.017609,-0.004804,-0.002218,0.02014,-0.019005,-0.006438,-0.005708,0.003702,0.004951,-0.012299,0.002839,-0.014455,-0.017326,0.003638,0.016084,0.006301,-0.006372
2022-06-01,-0.00605,0.000982,-0.018994,-0.003333,-0.007947,0.001793,0.004351,-0.014904,0.003668,-0.009295,-0.014951,0.002806,0.002138,-0.001625,0.004953,0.007448,0.006706,0.003654,-0.009459,-0.015464
2022-06-02,-0.018893,0.006825,-0.002091,0.009614,0.001969,-0.006179,-0.005116,0.004012,-0.00202,0.000503,0.012454,-0.011398,0.001964,0.003164,-0.00042,0.004062,-0.022702,0.005667,-0.000164,0.002362
2022-06-03,0.015739,-0.001996,-1.4e-05,-0.003878,-0.016946,-0.013515,-0.009727,-0.001185,-0.001168,0.002193,0.005545,0.007712,-0.003114,0.008142,-0.005359,-0.00247,-0.011785,0.015168,0.005143,0.010784
2022-06-06,-0.005209,0.004032,-0.007235,-0.008509,0.002684,-0.005553,0.008807,-0.008078,-0.019291,0.003886,0.004137,-0.009261,0.015328,0.00635,0.015959,0.002898,-0.012884,0.00398,-0.001292,0.000917
2022-06-07,0.003988,-0.000179,-0.00289,-0.008638,0.012212,0.012407,0.001003,0.000135,-0.001087,-0.000926,-0.021364,-0.004344,0.012234,0.002872,0.011271,-0.003917,-0.01814,0.005564,0.012388,0.005668
2022-06-08,-0.022669,-0.003094,0.006818,-0.01342,-0.004027,-0.008416,0.014005,-0.012609,0.003928,-0.021729,-0.003692,0.013506,-0.014963,0.01122,0.009001,0.004662,0.012384,0.000771,0.004151,-0.011435
2022-06-09,-0.006666,0.004557,-0.015796,0.004098,0.013505,-0.006904,-0.007948,0.004061,0.006745,-0.012819,-0.002956,0.004138,-3.1e-05,0.004575,0.002096,0.003312,-0.002121,0.013477,-0.002438,0.003253
2022-06-10,-0.003728,0.00015,-0.010529,0.000426,0.010814,-0.002963,-0.005528,-0.010181,-0.012548,-0.007624,-0.006559,0.002622,0.000817,-0.014922,0.011974,-0.007441,0.003951,-0.016369,-0.014569,0.00884
2022-06-13,0.003985,0.000169,0.010634,0.00683,-0.009269,-0.012804,0.006787,-0.014746,0.009689,0.001709,-0.003741,0.003488,-0.000508,-0.001041,0.014534,0.004142,0.003537,-0.009378,0.008083,0.006244
2022-06-14,-0.005846,-0.005212,0.010466,-0.001013,-0.018723,0.013142,-0.005446,0.005281,0.008776,0.005784,-0.002657,-0.007129,0.012561,-0.013919,0.006291,0.00516,0.000773,-0.007577,0.010522,0.004216
2022-06-15,-0.002671,0.002978,-0.010839,-0.014272,0.000254,-0.001476,0.006623,0.005255,-0.009758,0.004747,0.000506,-0.006206,0.005124,0.002245,-0.000196,-0.00838,-0.003678,0.01612,-0.003323,-0.008723
2022-06-16,-0.003699,-0.001172,0.015528,-0.011811,-0.005922,0.012917,0.005192,-0.005274,-0.014485,-0.007932,0.013308,0.014474,-0.003437,0.007553,0.001088,0.008042,-0.0046,0.005099,-0.002649,0.00172
2022-06-17,-0.002199,0.009883,0.018117,-0.011885,0.005826,0.0021,-0.00742,0.013082,-0.013819,-0.014785,0.006543,-0.008179,-0.003936,0.008027,-0.001686,-0.014481,-0.006361,-0.000754,-0.019072,-0.010827
2022-06-20,0.010538,-0.000525,0.013371,0.001625,0.004606,-0.019674,0.004213,-0.007335,-0.008585,0.011623,0.012745,0.002234,0.000903,0.009811,-0.007532,0.022075,-0.010175,-0.000962,-0.010302,-0.001238
2022-06-21,0.021438,0.006239,0.005779,0.017037,-0.011885,0.001528,-0.007454,-0.022093,0.009657,0.021987,0.005194,-0.012752,0.014398,-0.008792,0.008041,0.006642,-0.000431,0.010617,0.000181,0.005093
2022-06-22,0.021949,-0.010052,-0.003717,-0.006448,-0.00099,-0.004178,0.014626,-0.009639,0.007758,0.007168,0.00591,-0.008593,0.008186,-0.001335,0.012199,0.006353,0.007734,-0.003565,0.002038,0.011225
2022-06-23,0.00016,-0.010417,0.032321,-0.009313,-0.000444,-0.011243,-0.018648,-0.008234,0.006327,0.01511,0.019431,0.005769,0.017281,-0.013955,-0.007781,0.01854,0.008933,-0.003386,-0.0046,0.00554
2022-06-24,0.007355,0.01533,0.000511,0.004982,0.00038,0.009392,0.008736,-0.004942,0.009638,-0.019106,0.001789,-0.004701,-0.015194,-0.009519,-0.01032,-0.003488,0.002208,-0.006201,0.003793,0.011664
2022-06-27,-0.00754,-0.011215,0.021385,0.001335,-0.004513,-0.005535,0.003339,0.015975,0.010066,0.004458,-0.000948,-0.007574,-0.009534,0.005802,-0.002384,0.004393,0.010087,0.013486,-0.003623,-0.013549
2022-06-28,0.015542,-0.010842,0.000521,-0.001646,0.010087,0.009324,0.008694,-0.002439,-0.000113,0.007245,-0.004985,0.004115,0.002057,0.007085,-0.008345,-0.007813,0.00473,-0.010581,-0.002598,-0.007295
2022-06-29,-0.006699,-0.007973,0.003843,-5.4e-05,0.008623,0.001079,0.001974,0.018243,0.014011,-0.002493,0.000678,0.010695,-0.01744,-0.001832,-0.003505,-0.011836,-0.001111,-0.016892,0.024019,-0.000775
2022-06-30,8.1e-05,-0.014331,0.001752,0.019327,-0.002347,0.008975,0.010484,-0.026939,-0.00414,-0.002912,-0.007126,-0.014063,-0.007548,-0.016881,0.002946,0.00503,0.008413,-0.003076,-0.00843,0.012212
2022-07-01,-0.001814,0.003154,0.010329,-0.008921,0.001327,0.01025,0.001534,-0.001702,0.011074,-0.008168,-0.008934,0.002779,-0.009292,-0.000837,-0.005998,-0.003595,0.006948,0.004371,-0.003515,-0.002257
2022-07-04,-0.000206,0.000245,-0.00259,-0.003285,0.016155,-0.000963,0.001034,-0.01446,-0.006828,0.017484,0.018258,-0.002111,-0.014716,0.008947,-0.008318,0.01247,-0.001565,-0.00492,-0.002058,0.0097
2022-07-05,-0.003116,-0.010354,-0.01295,-0.001463,-0.003026,0.000598,-0.003691,-3.3e-05,-0.003772,0.011292,-0.002895,0.005127,0.001925,-0.007726,-0.01396,0.006034,-0.000385,0.014041,-0.003932,0.006509
2022-07-06,-0.009396,-0.003613,-0.006974,-0.00237,0.000286,-0.005382,-9.4e-05,0.006234,-0.011929,-0.000513,-0.006251,-0.006228,0.00596,0.00064,0.008006,-0.002342,0.000225,-0.00611,0.002971,-0.000644
2022-07-07,-0.003463,0.008537,-0.014937,-0.009917,-0.011425,9.2e-05,-0.001126,0.001912,-0.001123,0.000248,0.012783,-0.001459,-0.001187,-0.006545,0.018932,-0.009734,0.000475,-0.006293,-0.014913,-0.005787
2022-07-08,-0.011347,-0.007973,0.001499,0.007091,0.00207,0.009823,0.00463,-0.013691,0.005441,0.000317,0.008221,0.002696,-0.004301,-0.008203,-0.001018,0.005654,0.000661,0.004341,0.003819,-0.011018
2022-07-11,-0.005872,-0.017603,-0.003677,-0.010294,0.003286,0.008244,-0.005819,-0.00312,0.004726,-0.007178,0.006509,-0.023957,-0.006093,0.000977,-0.017235,0.012135,-0.00524,-0.001296,-0.001306,-0.000765
2022-07-12,-0.003684,-0.011975,0.003624,0.002431,-0.001965,-0.006726,-0.006673,-0.006317,-0.001145,0.000284,0.008597,0.016013,0.0258,-0.01487,0.004,0.013246,-0.002234,0.007113,-0.011469,0.004416
2022-07-13,-0.001778,0.017102,-0.008884,0.015631,0.004401,-0.007706,-0.008396,0.003162,0.01896,0.017524,-0.015545,0.001324,0.010113,0.001233,-0.002367,-0.005826,0.014033,-0.000149,0.013854,0.003012
2022-07-14,0.007602,-0.001036,0.001084,0.006556,0.016072,0.00172,0.0053,0.001772,0.003659,0.017631,0.000295,-0.00258,-0.005908,-0.007511,0.00035,-0.015562,0.005323,0.018702,0.003737,0.007114
2022-07-15,-0.001342,0.014058,0.0091,-0.004845,0.020307,-0.003646,0.001838,0.003577,0.014925,-0.006548,0.005724,-0.010604,-0.009876,-0.013323,0.0142,-0.001424,-0.006242,-0.011987,0.016739,-0.0125
2022-07-18,-0.000249,0.002721,0.006543,0.002056,0.016483,0.008219,0.01626,0.002513,0.012586,-0.006985,-0.012094,-0.001038,-0.000511,-0.003747,-0.010109,0.013679,0.011677,-0.005973,-0.006849,0.009912
2022-07-19,-0.00094,-0.007249,-0.005727,0.001668,0.005023,0.01791,-0.010409,0.008371,0.009058,0.002419,-0.001469,0.004347,-0.003342,-5.4e-05,-0.003544,0.001779,-0.019399,0.002357,-0.009159,-0.003018
2022-07-20,-0.012215,-0.007717,0.01831,0.009138,-0.015955,-0.001387,0.017461,0.005883,-0.001855,0.009095,-0.000704,0.00753,-0.006697,-0.00058,-0.012878,-0.003369,0.007782,0.002601,-0.000253,-0.009599
2022-07-21,-0.005865,-0.007111,-0.005132,-0.01637,0.012866,0.009162,0.000168,0.003115,0.001112,-0.007591,-0.016801,-0.003603,-0.005993,-0.009067,0.019643,-0.006435,-0.003779,0.005473,-0.006267,-0.007667
2022-07-22,-0.011426,0.008349,-0.008241,-0.004627,-0.005744,-0.01233,-0.006607,-0.003899,0.002628,0.001068,0.017795,0.007117,0.00896,-0.002697,-0.004208,0.015883,-0.001431,-0.012962,-0.010672,0.001339
2022-07-25,-0.006963,-0.002963,-0.00146,-0.003566,-0.003972,0.026513,-0.010081,0.007966,0.001222,0.000744,-0.005293,-0.0007,0.002391,-0.010281,-0.004592,0.003444,0.011076,0.00975,-0.006637,0.006972
2022-07-26,0.009843,0.001788,-0.003117,0.018573,-0.01371,-0.002337,0.006047,0.006258,-0.004248,0.004261,-0.006686,-0.004732,0.00204,-0.00902,8.8e-05,-0.007843,0.010801,-0.004624,-0.007211,0.001093
2022-07-27,-0.004387,-0.016108,0.001601,-0.00907,-0.00241,0.017976,0.000562,-0.032966,-0.001283,-0.011648,-0.022206,0.002807,-0.002007,0.004173,0.003864,-0.001173,0.015725,0.002195,-0.019701,-0.023317
2022-07-28,0.000175,-0.008646,0.000193,-0.008608,-0.011605,-0.008921,0.009515,0.002296,-0.006846,0.003479,0.00102,-0.016745,-0.002317,0.005934,0.002374,0.002839,0.003306,0.0035,-0.013723,-0.002279
2022-07-29,-0.006774,-0.003954,-0.003028,-0.007014,-0.000316,0.00072,-0.010775,-0.014006,-0.013011,-0.022001,0.003022,-0.004604,0.001302,-0.006455,0.006406,-0.002972,-0.001376,0.003173,0.023871,-0.019305
2022-08-01,-0.008611,0.000626,-0.006898,0.003907,-0.007785,-0.006481,0.009429,0.005183,-0.006568,0.003045,0.000609,0.006907,-0.006122,-0.00809,0.005961,-0.003578,-0.007978,-0.012462,0.002967,-0.005713
2022-08-02,-0.000576,0.004102,0.014658,-0.00026,0.004782,0.003982,-0.010917,0.002061,0.002074,0.00516,0.000355,0.00579,0.002011,0.012596,0.015604,0.007272,-0.003442,-0.004682,0.017112,-0.003009
2022-08-03,-0.00868,0.000415,-0.00133,-0.001398,0.002017,0.005287,-0.00124,0.018255,0.00358,0.004755,0.011261,0.017753,0.01116,-0.006033,-0.004657,-0.001076,-0.015782,0.001447,-0.001866,-0.021987
2022-08-04,0.012257,0.001796,-0.001498,-0.007808,-0.016867,-0.004803,0.01723,-0.003118,-0.007118,0.000406,-0.004579,-0.004266,0.017067,-0.01209,-0.017453,0.012626,0.01618,0.007076,-0.016637,0.004757
2022-08-05,0.003335,-0.015053,-0.005138,-0.017853,0.009651,0.007223,0.014615,0.004374,0.002802,0.002226,0.004988,-0.013386,-0.013314,-0.02267,-0.003993,0.001299,-0.000322,0.012341,0.005968,0.002127
2022-08-08,-0.00221,0.011084,-0.004335,-0.003571,0.009724,0.016989,0.018895,-0.000383,-0.001443,0.028965,-0.000943,0.007664,0.009914,0.014051,0.001132,0.003905,0.020066,0.00869,-0.01415,-0.007506
2022-08-09,0.008224,0.005527,-0.005901,-0.00168,-0.003892,0.010987,-0.001543,-0.003968,-0.004487,-0.037851,0.003438,0.010448,0.006287,0.00428,-0.000154,-0.008282,0.004794,-0.012806,0.011913,0.004397
2022-08-10,0.001238,-0.004058,0.003082,-0.021597,0.01262,-0.017079,0.007134,0.005142,0.01221,-0.004462,0.006301,-0.015368,-0.010546,0.009903,-0.000512,-0.014752,0.008601,-0.013252,0.018344,-0.009175
2022-08-11,0.009456,-0.002377,-0.017447,-0.000126,-0.004191,-0.002315,0.017641,0.004035,0.008575,-0.008433,0.003672,-0.000865,0.010591,0.013864,0.007139,-0.019819,-0.009565,-0.023046,-0.007619,-0.010251
2022-08-12,0.000933,0.001682,1.2e-05,0.012585,-0.005489,0.0092,0.005093,0.007131,0.024428,0.011419,0.02342,-0.008336,0.000702,0.013706,0.001678,0.005307,-0.00667,0.004774,0.02052,0.003167
2022-08-15,0.005244,-0.039681,0.015164,0.02286,0.014682,-0.002822,0.022382,-0.002136,0.000696,-0.005403,0.000885,0.007287,0.011048,0.008979,0.026779,-0.010881,-0.011822,0.000694,-0.007633,-0.007626
2022-08-16,-0.016721,-0.008758,-0.000562,0.003529,-0.000291,0.01228,0.008411,0.004244,-0.002688,0.007515,0.014944,0.004513,0.007333,0.005532,0.00257,0.012743,0.003759,-0.003974,-0.018854,0.000271
2022-08-17,0.016413,-0.018407,-0.010225,0.008237,-0.005469,-0.012738,0.018157,-4.3e-05,0.008527,-0.014397,-0.011587,0.015722,0.002491,7.4e-05,-0.025219,0.015248,0.01426,0.006702,-0.010046,0.004747
2022-08-18,9.9e-05,-0.011566,0.001435,-0.016014,0.014003,0.008723,0.005765,-0.011746,0.001234,-0.007236,0.004498,0.000157,-0.003846,0.008523,-0.003218,0.011456,-0.003628,-0.005616,0.012608,0.003294
2022-08-19,0.014746,-0.010177,-0.024211,0.004034,0.00205,-0.016053,0.007325,0.005799,0.011943,-0.004741,0.004253,-0.011238,0.011718,-0.001276,0.008293,0.003714,0.002448,0.011815,-0.011481,0.008198
2022-08-22,0.010139,0.00396,-0.008588,0.004569,0.00165,-0.022334,-0.006815,-0.011123,0.010035,-0.008215,0.007328,0.005475,0.000484,-0.003834,0.012251,-5.4e-05,0.012658,0.002122,-0.001846,-0.00847
2022-08-23,0.017851,0.0044,-0.013991,0.011668,7e-05,-0.003422,0.003453,-0.003534,-0.009714,0.001399,0.008424,-0.00715,-0.003591,0.001676,0.012042,0.003835,0.011219,-0.002311,0.001495,-0.000603
2022-08-24,-0.006906,0.001442,-0.003238,0.003884,0.003558,0.016668,-0.008992,-0.000592,-0.018079,-0.00563,-0.003233,-0.007355,0.005919,0.007645,0.007454,0.012196,-0.006684,-0.006495,0.003614,0.011712
2022-08-25,-0.008603,0.025762,-0.014453,0.003345,0.008222,-0.003213,0.011336,0.007606,0.010373,0.002236,-0.000761,0.00234,0.0032,-0.003266,-0.007719,0.007046,0.015944,-0.004538,0.013,0.000221
2022-08-26,0.009961,-0.014634,0.007054,0.003626,0.010606,-0.019086,-0.010143,0.002034,0.012377,-0.00744,-0.008766,5e-05,-0.011047,-0.015959,-0.001495,0.003272,0.008405,0.005822,0.015196,-4.3e-05
2022-08-29,-0.010903,-0.013315,-0.020743,0.00814,-0.001337,-0.020213,0.004294,0.004201,-0.008786,0.014446,-0.004787,0.009074,-0.001089,0.007511,0.004499,-0.005548,-0.0074,0.016079,-0.011344,-0.003549
2022-08-30,-0.006911,-0.003726,-0.002969,0.000172,0.016187,0.00954,-0.011593,0.013136,0.018373,-0.006348,0.008161,0.004912,-0.007347,0.004439,-0.001588,-0.001291,0.009928,-0.018755,0.008772,-0.011283
2022-08-31,0.006287,-0.01986,0.002546,0.001642,-0.006025,-0.005928,0.003155,-0.003672,0.016594,-0.007004,-0.003922,-0.005561,-0.002602,0.008729,0.013831,0.000707,0.00094,0.012137,-0.003242,0.002425
2022-09-01,0.011603,-0.003207,0.001013,0.00279,0.005518,0.013715,0.003187,-0.002549,-0.013049,0.009772,0.004669,-0.000259,0.000124,0.011608,0.013529,0.005762,0.012254,-0.011138,-0.008358,0.009657
2022-09-02,-0.007481,-0.022155,-0.001028,-0.005303,-0.0036,0.025486,-0.013966,-0.000345,-0.00768,0.006789,0.015872,0.005465,-0.010838,-0.005529,0.010692,0.013389,0.002069,0.016452,-0.003207,0.002963
2022-09-05,-0.004928,-0.004723,0.002928,0.006269,0.002257,0.011467,-0.000918,-0.004236,-0.001314,-0.016739,0.008,-0.000496,0.002923,0.010078,-0.004839,0.020538,0.006703,0.009897,-0.006751,0.00115
2022-09-06,-0.022217,-0.006322,-0.022182,0.012605,-0.004732,0.001788,0.001276,0.003632,-0.008296,0.008452,0.007308,0.015269,-0.007922,0.010122,0.014886,-0.003886,0.015609,-0.020466,0.002922,-0.006405
2022-09-07,-0.015315,-0.001612,0.016554,0.006115,0.003365,-0.009374,-0.004864,-0.005226,-0.005397,-0.000857,-0.006444,0.001415,-0.0202,0.001102,-0.017808,0.010475,0.00675,-0.018541,0.008392,0.010325
2022-09-08,-0.001846,-0.003979,0.013286,0.006546,-0.020028,0.01526,-0.010473,0.022112,-0.002113,0.009598,0.002521,0.005355,-0.002832,-0.0056,-0.004094,0.008163,0.014109,-0.017442,8.9e-05,0.001181
2022-09-09,0.01073,-0.011274,0.002411,0.000701,0.00576,0.005807,-0.008246,0.02202,-0.00285,0.006387,0.00234,-0.006714,-0.002043,0.006675,0.004798,0.026088,0.0043,0.000717,0.008339,-0.017899
2022-09-12,0.002641,-0.018468,-0.004566,-0.005012,-0.010227,-0.001998,0.004884,-0.008936,-0.003393,-0.001071,-0.016702,0.014798,-0.005532,-9.4e-05,-0.008947,-0.011288,0.001271,0.003466,-0.003584,-0.011325
2022-09-13,0.009216,0.000683,0.020138,-0.014763,0.005346,-0.003027,0.005448,-0.000729,-0.011461,2e-06,0.000871,0.014705,-0.003903,-0.005535,-0.00053,-0.014062,-0.00392,-0.002052,0.000789,-0.008957
2022-09-14,-0.015211,0.002693,-0.008268,-0.020107,-0.001434,-0.006672,-0.005913,0.009729,-0.006946,0.007353,0.00451,-0.002172,-0.008324,0.014091,-0.002157,0.004367,-0.017024,-0.00291,0.001885,-0.012127
2022-09-15,-0.000455,-0.011151,0.01734,-0.001146,-0.008796,-0.009442,-0.014931,-0.011747,-0.010151,-0.002481,0.016762,0.0003,0.007692,-0.005098,-0.011607,-0.004024,0.012716,0.003948,-0.006423,0.002636
2022-09-16,0.00284,0.00936,-0.010453,0.01257,-0.011061,0.00469,0.012891,-0.000437,0.018228,0.012183,-0.008984,-0.017826,-0.010879,-0.012714,0.004714,0.000412,0.006079,-0.006162,0.00981,0.020787
2022-09-19,0.003881,-0.016128,0.003804,0.009372,0.013502,-0.004666,-0.008439,-0.00015,0.000574,0.012836,-0.004574,0.003043,-0.000371,0.012621,9.4e-05,0.004873,-0.002588,0.002127,0.007495,-0.01989
2022-09-20,-0.001883,-0.007366,-0.008483,0.001557,0.001453,0.008256,0.016112,-0.009335,-0.003272,0.005227,0.001096,0.016182,-0.008197,0.004985,-0.009425,0.009764,0.012092,0.001433,0.001783,-0.020478
2022-09-21,-0.007216,-0.005211,-0.031757,-0.005532,-0.001444,0.008333,-0.01326,0.008386,0.000169,0.013906,0.014411,0.016084,0.004731,-0.003415,0.01257,-0.00103,-0.003124,-0.004425,2e-06,0.005646
2022-09-22,0.010687,-0.004098,0.007072,-0.016835,-0.00295,0.011132,-0.003049,-0.004955,-0.006702,-0.0063,-0.010222,-0.020512,-0.004292,-0.008553,-0.017303,0.003677,-0.009594,0.01719,-0.01924,0.001161
2022-09-23,0.015286,0.010124,-0.018081,0.002182,0.002917,0.007222,-0.00124,0.003965,0.015116,-0.003342,0.006921,-0.014823,-0.004541,-0.005274,0.016089,0.018197,-0.011285,0.001642,-0.003298,0.004231
2022-09-26,-0.006707,0.002222,0.00024,0.008664,-0.017982,0.012457,-0.004116,-0.013116,0.005566,-0.004234,0.016726,-0.010594,-0.001294,0.009603,-0.005002,-0.006037,0.017869,0.000427,-0.001095,-0.005837
2022-09-27,-0.005716,-0.003955,-0.002263,-0.003634,-0.006703,0.009912,-0.014016,-0.022519,0.003106,8e-06,-0.010929,-0.013421,0.007401,0.006698,-0.006428,-0.001303,0.003761,-0.012368,0.001924,0.011375
2022-09-28,0.002761,0.00736,0.010179,0.002372,-0.004704,0.003366,0.004149,-0.004175,-0.000511,-0.006613,0.011067,-0.010369,-0.006757,-0.005512,0.007496,0.013848,-0.007385,0.000304,0.01098,-0.006071
2022-09-29,-0.013397,-0.000282,-0.005646,0.009334,0.005906,0.014621,-0.001743,-0.013341,-0.000317,0.011004,-0.017461,0.00038,0.016827,-0.009826,0.008716,-0.016424,0.003292,0.003591,0.0004,0.006365
2022-09-30,0.002276,0.011969,-0.004917,0.012611,-0.016972,0.022703,0.011112,0.012801,0.002212,-0.002284,-0.002994,0.014903,0.009681,0.006772,-0.010226,0.002382,0.001645,-0.000792,-0.00439,-0.012405
2022-10-03,0.028646,0.005657,0.014728,-0.018996,0.025775,-0.013967,0.005729,-0.000104,0.007842,0.002115,0.012207,-0.010932,-0.000681,0.001594,-0.016279,-0.017361,-0.007928,0.008209,0.001858,0.019612
2022-10-04,0.020765,-0.006234,0.002241,-0.006967,0.003229,-0.002433,-0.013784,-0.007372,0.00655,-0.004122,-0.010618,0.017555,0.020129,-0.001937,0.011497,0.010993,0.004166,-0.017405,-0.000672,0.007943
2022-10-05,-0.0013,0.017363,-5.7e-05,0.000727,-0.007448,-0.000538,0.001988,0.00048,0.008141,0.0166,0.013485,0.014881,0.000559,-0.01898,-0.011168,-0.00737,0.001336,-0.014081,0.006018,-0.002032
2022-10-06,0.007311,0.015827,-0.01055,0.004745,-0.014364,-0.003009,0.003201,-0.000492,-0.012556,0.002793,0.000741,-0.006175,0.001667,0.007205,0.018324,-0.001252,0.003146,-0.020231,-0.000249,0.000341
2022-10-07,0.011121,-4.5e-05,0.00911,-0.011717,0.009789,0.01841,0.00013,-0.004923,0.01312,0.000783,0.015686,0.013831,-0.002204,0.008042,-0.006773,-0.02518,-0.007414,-0.00775,-0.012353,-0.020977
2022-10-10,0.000913,0.008569,0.012711,-0.000413,-0.011418,0.009112,-0.000888,-0.005486,0.001942,0.004138,-0.007253,0.000386,-0.009946,-0.00433,-0.01285,0.005562,0.009938,0.003452,0.010488,-0.013308
2022-10-11,0.012065,-0.004192,0.007146,0.000896,0.003692,0.005923,0.007494,0.013099,-0.013266,-0.001299,-0.013539,-0.003969,0.002332,0.004844,0.017936,0.002533,0.001508,-0.002518,-0.008933,-0.008669
2022-10-12,0.008626,0.008417,0.007566,0.01002,0.002151,0.003533,-0.018334,0.006025,0.00591,-0.002174,0.005309,0.007771,0.005355,-0.003725,-0.015695,-0.005003,-0.00576,0.002712,-0.011762,-0.018767
2022-10-13,-0.00592,-0.010136,0.00881,-0.013996,0.005107,-0.011093,0.006094,0.010727,0.005299,-0.000522,-0.005091,-0.002211,0.004789,0.00722,7e-06,0.016519,-0.015517,-0.014111,-0.016255,-0.01703
2022-10-14,0.002464,-0.002592,-0.005906,-0.016331,0.003576,-0.001823,-0.002406,-0.004077,-0.004221,0.015467,0.009565,0.018246,0.010463,-0.0057,0.01323,0.014597,0.008454,0.00742,0.010914,0.012585
2022-10-17,-0.004915,0.014728,0.008425,0.002589,-0.00064,-0.014071,0.006501,-0.005115,0.001404,-0.013066,0.002203,-0.004504,-0.026692,-0.002585,-0.001285,0.008097,0.004633,0.006316,-0.003158,-0.008776
2022-10-18,-0.001366,0.012845,0.004255,-0.001013,-0.004163,0.012069,0.017134,0.010434,-0.005832,-0.007265,-0.006925,0.008031,0.007602,-0.000273,-0.009779,-0.010062,-0.005939,0.00784,-0.001852,0.001274
2022-10-19,0.01577,-0.005467,0.018321,0.013211,0.002449,0.021333,-0.018006,0.002029,0.00344,0.004857,0.000955,-0.007568,0.014397,0.005962,0.016649,0.007005,-0.003211,-0.023546,0.000406,0.003159
2022-10-20,-0.009779,0.002774,-0.007252,0.004035,-0.007052,0.015313,0.00071,0.008443,-0.005712,-0.002933,0.007729,-0.005438,-0.000802,-0.006095,-0.015018,0.003668,0.007708,-0.003706,0.020934,0.003489
2022-10-21,0.000277,-0.014741,-0.010212,0.00501,0.007263,0.003659,-0.011072,-0.020627,-0.00256,0.015911,0.006204,0.00343,0.007816,0.000801,-0.01876,0.005795,-0.001259,-0.022623,0.00799,-0.023681
2022-10-24,0.004103,-0.003853,-0.005281,-0.005816,0.002959,0.005728,0.018674,0.010082,0.012956,-0.01123,-0.003063,-0.000105,-0.004133,-0.002306,0.014794,0.008512,0.01307,0.003812,-0.004917,0.002821
2022-10-25,0.008802,-3.6e-05,0.020369,0.015601,0.003501,0.003253,0.013482,0.00963,0.012474,-0.017181,-0.022198,-0.000602,-0.000671,-0.015164,0.011315,-0.001846,-0.000525,-0.006921,-0.009358,0.006759
2022-10-26,0.000175,-0.001315,-0.003974,0.006044,0.00614,-0.012893,0.001273,-0.01894,0.004484,0.004308,0.002577,-0.016695,-0.023793,-0.008888,-0.001919,-0.012359,-0.013089,0.004269,-0.01924,0.019383
2022-10-27,0.00961,0.008333,0.006855,-0.003516,0.001292,0.000319,0.021123,0.001983,0.001419,-0.005459,0.005216,0.009271,-0.012365,0.01505,-0.007475,-0.00401,-0.00455,0.004205,0.015259,-0.000966
2022-10-28,0.001479,0.008102,0.02574,0.023188,0.005931,-0.013955,-0.013406,0.001837,-0.023927,0.004772,-0.007288,0.005588,0.002507,0.006409,-0.009742,0.011499,-0.014009,-0.010061,-0.003543,0.020535
2022-10-31,-0.008645,-0.00847,0.040579,-0.023588,-0.019188,0.001729,-0.002292,0.015041,-0.003089,0.006511,0.007101,-0.002292,-0.00746,0.012224,0.0035,-0.004444,0.004974,0.014552,-0.00594,0.023233
2022-11-01,0.020249,0.004386,0.007325,-0.005262,0.00234,0.002969,0.01619,0.001947,-0.006365,0.004239,-0.003506,-0.004576,0.014677,0.014535,0.009464,-0.003181,-0.013676,-0.017789,-0.005093,-0.003436
2022-11-02,-0.008028,-0.012551,0.000254,0.012259,-0.016279,-0.001987,0.005398,0.01868,0.011208,0.001513,-0.00821,0.002053,0.017181,-0.025692,-0.002538,0.012535,0.002446,0.004755,0.004705,-0.008673
2022-11-03,0.008531,-0.000744,0.003278,-0.00875,0.007751,-0.008569,0.0001,0.005992,-0.001136,0.01095,-0.001902,-0.000336,-0.017483,-0.013705,-0.001094,-0.004323,0.004472,0.004038,0.013947,0.005185
2022-11-04,0.007845,0.005191,0.003114,-0.007712,-0.003283,-0.005388,-0.018837,-0.010202,0.006887,0.004708,-0.002812,-0.001658,-0.009122,0.004423,0.001649,0.002684,0.001966,0.005413,-0.010566,-0.008186
2022-11-07,0.003271,0.013529,-0.014263,0.002737,0.001324,0.002562,0.007184,-0.00189,-0.00631,-0.000199,0.010188,-0.001588,-0.000762,0.011621,-0.002132,-0.004714,-0.004412,0.009431,-0.005178,-0.00408
2022-11-08,-0.019107,0.011995,0.003129,0.012431,0.005827,-0.017407,-0.015521,0.000497,0.010267,0.017004,-0.005755,0.011932,-0.003992,0.003749,-0.00512,-0.010549,0.0034,0.002928,-0.012363,0.00278
2022-11-09,0.017493,0.016249,-0.013998,-0.016251,0.015331,-0.005119,-0.004393,-0.016516,0.019247,0.002234,-0.015622,0.011592,-0.00234,-0.011888,-0.000241,-0.018056,0.000978,0.008924,0.006877,0.006348
2022-11-10,0.003503,0.003758,-0.004091,0.000557,0.003644,-0.005178,-0.013387,0.005372,0.001213,0.00133,-0.006693,-0.013408,0.008606,-0.024358,0.001327,-0.010579,-0.004787,-0.016012,-0.000742,8.3e-05
2022-11-11,0.018053,-0.019489,-0.006436,-0.004757,-0.001354,-0.012607,0.004626,0.014461,-0.00482,-0.005452,0.016816,-0.009457,0.004887,-0.007868,0.007561,0.001683,0.022496,-0.013696,-0.008791,-0.018726
2022-11-14,-0.016335,-0.007199,0.000822,0.004692,0.002733,-0.002144,-0.001668,-0.00314,-0.00367,-0.012106,0.002553,-0.002308,0.006196,-0.012391,-0.002111,-0.009436,-0.012587,-0.015273,0.010456,0.000448
2022-11-15,-0.018245,-0.007174,-0.008953,0.004239,-0.005903,-0.004301,-0.000911,0.01891,-0.001459,0.003015,0.012456,-0.001084,-0.001043,-0.016889,-0.010241,0.037264,-0.007534,-0.008607,-0.010613,0.012689
2022-11-16,-0.00437,-0.000119,-0.005284,0.003545,0.004222,0.006975,-0.013953,0.011495,0.025341,-0.01283,-0.006383,0.011815,0.001444,0.008064,0.013895,-0.013736,4.6e-05,0.009374,0.002856,-0.002213
2022-11-17,0.004166,0.012236,0.008001,0.016728,0.007931,-0.002925,-0.011079,0.013722,0.00645,-0.001398,-0.006681,0.000855,-0.007884,-0.004697,0.007903,-0.008243,-0.005163,0.013159,-0.000256,0.016881
2022-11-18,0.000225,-0.008242,0.007567,0.000884,0.003772,0.011093,0.013102,0.024009,0.012787,-0.01005,-0.009986,0.009242,-0.010238,-0.012992,-0.005089,-0.004589,0.00258,0.00107,-0.013127,0.008051
2022-11-21,-0.017885,0.007707,-0.010088,0.004726,-0.012802,0.000143,-0.029381,-0.002113,0.000395,-0.003542,0.022352,0.000434,-0.007687,0.005853,0.014795,-0.007055,-0.015603,0.004107,-0.001195,0.002727
2022-11-22,0.00376,-0.008306,-0.018684,0.020045,-0.011456,-0.002418,0.00544,-0.008942,-0.001193,0.004758,-0.016302,0.004753,-0.006765,0.007813,-0.010481,-0.010199,0.003029,-0.000914,0.011385,-0.01682
2022-11-23,0.00821,0.005787,-0.006381,-0.006533,0.005607,0.000568,0.009571,-0.011883,0.01664,-0.005223,0.006341,0.012591,-0.003068,-0.001818,-0.013907,0.007714,0.004999,-0.009637,0.005225,0.015903
2022-11-24,0.016042,0.006934,0.004388,-0.009029,-0.006881,0.009682,0.008156,0.008548,0.002158,-0.014482,-0.004791,-0.006022,0.004276,0.000434,-0.000624,0.01274,0.019668,0.009129,-0.005007,0.003336
2022-11-25,0.008068,-0.022106,0.00018,-0.008087,-0.01569,0.005054,-0.00384,0.02725,-0.002017,0.020513,0.022607,-0.00899,-0.005256,0.006615,0.004285,-0.015706,0.002501,0.002529,0.016882,0.001264
2022-11-28,0.000463,-0.007192,-0.015174,0.014161,-0.017658,0.007258,-0.009543,-0.008093,-0.002542,0.008314,0.01676,-0.004401,-0.012343,0.003778,0.013036,-0.00501,-0.007681,-0.007471,-0.006749,-0.015915
2022-11-29,-0.004945,0.01592,-0.015071,0.004718,-0.002974,0.0033,0.012804,-0.00079,0.016222,-0.00093,0.016329,-0.011519,0.009477,0.004626,0.006647,-0.014731,0.01205,-0.002981,0.000892,-0.000438
2022-11-30,0.007992,0.004602,-0.007188,-0.001139,-0.003,0.007647,-0.005365,-0.002857,6.4e-05,0.000337,0.006411,0.007816,-0.008684,0.010906,0.006298,-0.001773,-0.0164,0.002334,-0.001628,0.018754
2022-12-01,-0.015128,0.000283,0.002098,0.012344,-0.001256,0.012265,-0.003493,-0.000619,0.019518,-0.016885,-0.00463,-0.02069,0.004097,0.010402,0.012587,-0.004577,-0.012288,-0.00433,-0.014031,-0.004307
2022-12-02,0.014844,-0.006097,-0.00257,-0.00044,0.008171,-0.002713,0.004218,0.001298,0.00053,0.015379,0.015225,-0.00469,-0.006739,-0.006517,-0.016181,0.00252,-0.016049,-0.000597,-0.00052,-0.003085
2022-12-05,-0.005485,0.002929,9e-05,0.004776,0.004027,0.010526,-0.003813,0.000958,-0.015607,0.007481,-0.006911,-0.001546,0.000267,0.023279,-0.001074,0.00199,-0.008711,0.001538,-0.00657,-0.004226
2022-12-06,-0.005623,-0.009195,0.006815,0.013975,-0.020703,0.00597,-0.006025,0.002518,-0.001117,0.007605,0.00519,-0.000713,0.002377,0.011057,0.007116,0.004287,-0.014757,0.00161,-0.001899,0.007011
2022-12-07,-0.002303,-0.002568,-0.015022,0.012402,-0.001886,-0.00185,-0.002826,0.002423,-0.00155,0.000498,0.006076,-0.010928,0.006438,-0.001875,-0.009683,0.002652,-0.010332,-0.008514,0.007409,0.01219
2022-12-08,-0.005662,-0.003024,0.003068,-0.002932,0.004902,-0.005372,-0.005854,-0.004253,0.01396,0.003937,0.005258,0.017056,-0.00717,0.006435,0.004702,-0.02507,0.011556,-0.012627,-0.003153,-0.011879
2022-12-09,0.006074,0.006827,0.002728,-0.009363,-0.006457,0.003218,0.000355,0.003316,-0.003771,0.00038,-0.005213,-0.007626,0.002461,-0.00581,0.01588,0.004417,-0.018258,0.001358,0.006149,0.015907
2022-12-12,-0.003871,0.006718,-0.000781,-0.013394,-0.016014,-0.003284,0.006815,0.005278,0.007723,-0.002956,-0.017778,0.002853,-0.022755,0.005524,0.015017,0.004978,-0.007326,0.000404,0.001697,0.002508
2022-12-13,0.003638,0.001517,0.004307,0.000658,-0.01208,-0.012509,0.0043,0.010896,-0.009342,-0.00239,-0.010581,0.004081,-0.003212,-0.012532,0.000746,-0.003839,-0.001649,0.004778,-0.001401,0.000342
2022-12-14,-0.018044,0.015288,0.009278,0.008636,-0.000853,-0.025333,0.00993,0.003568,0.011928,-0.000635,0.006522,0.005778,-0.000849,0.006053,0.006683,0.007268,-0.018449,-0.0027,-0.000435,0.001836
2022-12-15,0.011657,-0.018772,0.000762,-0.003428,0.00103,0.004378,0.009222,0.007321,-0.018644,-0.000565,9.8e-05,-0.002546,-0.004099,0.008744,-0.012879,0.005242,-0.001551,-0.004342,-0.022865,0.00131
2022-12-16,0.000602,0.013958,0.010446,-0.003991,0.006928,0.019527,-0.023126,-0.001244,0.002808,0.014742,-0.004523,-0.002069,-0.005714,0.005968,0.011782,-0.002946,-0.001657,0.004868,-0.009231,-0.009391
2022-12-19,-0.010427,0.016822,0.001039,0.006111,0.011173,-0.002216,0.001892,-0.001254,-0.014025,0.002577,-0.004378,-0.002041,0.012817,-0.005387,0.022381,0.008731,0.008215,0.011414,-0.014438,-0.004019
2022-12-20,-0.001017,-0.006661,-0.00993,-0.004533,0.008737,0.007242,0.001908,0.002108,0.007705,-0.007607,0.001375,0.00249,0.014127,0.004819,0.010375,0.018157,-0.005172,0.003764,0.015778,-0.018511
2022-12-21,-0.005018,0.020607,0.020368,-0.000831,0.01074,-0.003581,-0.012178,-0.000104,0.001123,0.007588,-0.000347,0.013381,-0.008663,-0.006465,0.002529,-0.003051,-0.003872,0.019794,-0.008503,0.006922
2022-12-22,-0.001902,-0.007688,-0.008563,0.004964,-0.001538,0.012651,0.00214,-0.022001,0.014221,0.010774,0.02753,-0.003076,-0.001513,-0.018367,-0.007122,0.003611,0.000594,-0.003249,0.011436,-0.002052
2022-12-23,-0.001959,0.001547,-0.004424,-0.003104,-0.004848,-0.007649,0.009104,0.007905,-0.01147,0.000587,-0.004995,0.016897,-0.001092,0.003692,0.008405,0.01278,-0.003239,0.000496,-0.007675,0.002326
2022-12-26,0.006502,0.016923,0.002682,-0.001866,-0.015114,-0.000435,0.01363,-0.013727,-0.00435,0.008402,-0.013807,0.007923,0.010526,0.013613,0.005052,0.006091,0.02488,0.012416,0.001941,0.004927
2022-12-27,-0.01015,0.024734,-0.00617,0.002499,0.015386,0.001871,0.016872,-0.007717,0.020008,0.004271,0.008747,-0.003607,0.019046,0.02091,-0.020648,0.007755,0.011695,0.003922,-0.006576,0.005528
2022-12-28,0.006852,-0.012691,0.003456,0.001407,-0.005796,-0.003769,0.002563,0.017754,-0.004057,-0.022287,0.00048,-0.002403,0.01176,-0.005303,0.007436,0.01265,-0.002616,-0.005213,0.01203,-0.00725
2022-12-29,0.001997,-0.011469,-0.018524,0.012326,-0.007299,-0.011103,0.013882,-0.005547,0.004435,0.023441,0.000146,0.008034,-0.017555,-0.008031,0.001535,-0.014556,-0.00371,-0.000603,0.000982,0.007364
2022-12-30,-0.015583,0.004973,0.007301,0.014884,0.009022,0.004811,0.014514,0.003815,-0.012711,0.009848,0.002935,0.009748,0.011933,0.01398,0.006353,-0.007721,-0.003604,0.026298,-0.010496,0.008382
2023-01-02,0.006171,3.1e-05,0.008293,0.009164,0.005345,-0.003978,0.004593,0.005797,0.008584,-0.011583,-0.00247,-0.00369,-0.007379,-0.002421,-0.003739,0.013243,0.004802,0.00769,0.00082,0.006623
2023-01-03,0.006377,0.008959,0.008768,-0.001009,-0.015466,0.004373,0.005375,-0.015101,0.005655,-0.004058,0.000236,-0.004152,-0.001184,0.007723,0.017,0.007546,-0.001415,-0.028687,-0.00345,-0.003737
2023-01-04,-0.003242,-0.011048,-0.008144,0.010967,0.007756,-0.000639,0.008153,-0.004152,0.014604,-0.006446,-0.003477,0.006924,-0.003711,-0.000453,-0.008671,0.012374,-0.002558,-0.000229,-0.012456,0.011467
2023-01-05,-0.015244,0.019222,0.001689,-0.024037,0.00441,-0.019817,0.009169,0.016438,-0.010386,-0.008271,0.000789,0.00723,0.008267,-0.009785,-0.00691,-0.023091,-0.009335,-0.004299,0.004384,0.007795
2023-01-06,0.006073,-0.004227,-0.009228,-0.006117,-0.004532,0.010445,0.006713,0.015918,0.009158,-0.008549,-0.010675,0.005054,-0.002416,0.017368,0.002188,0.008999,0.003743,-0.008891,-0.005399,0.002854
2023-01-09,-0.021735,-0.013197,0.01432,0.004393,-0.019387,0.010894,-0.028064,0.015274,0.016723,0.016691,0.007846,0.007049,-0.008918,0.006257,-0.006947,-0.00392,-0.014677,0.015495,-0.003382,-0.019934
2023-01-10,-0.007846,-0.008089,-0.000139,0.002431,-0.012071,0.012458,0.007169,-0.006972,-0.003049,0.004596,0.004691,-0.003118,-0.002704,-0.019443,0.001894,-0.018686,0.009277,-0.003435,-0.006018,0.018053
2023-01-11,-0.020927,-0.010195,0.006894,0.005083,0.008904,0.004561,0.006744,-0.009091,-0.016384,-0.017337,-3e-05,-0.000963,0.014608,-0.007962,-0.010668,0.012219,-0.010837,0.001406,-0.010865,-0.008675
2023-01-12,0.01577,-0.018666,-0.000134,0.008274,-0.014723,-0.006608,-0.004723,-0.010869,-0.009188,0.016196,-0.008253,0.001448,-0.003113,0.004902,-0.002001,-0.016981,0.000649,0.003031,-0.015384,-0.004621
2023-01-13,0.013365,0.01464,7.9e-05,-0.004994,0.01547,-0.018259,-0.022195,0.001878,-0.024178,0.002743,0.005301,0.006491,-0.008214,0.019518,-0.003378,-0.01958,0.008555,0.001268,-0.013161,0.008209
2023-01-16,0.01176,-0.008668,-0.001571,-0.017174,-0.003953,-0.002297,0.00684,0.002253,-0.00052,-0.000249,-0.009725,0.012848,0.00769,-0.022136,0.004887,0.000427,-0.015769,0.012615,0.014289,-0.013
2023-01-17,-0.023085,0.018225,-0.005375,0.003677,-0.015362,0.011014,0.009736,-0.004691,0.011993,-0.005304,-0.006701,-0.000786,0.000325,0.006107,-7e-05,-0.004111,-0.003772,0.017767,0.000984,-0.003084
2023-01-18,-0.014346,-0.012872,0.010362,0.011962,-0.001978,0.002512,0.002506,-0.005793,0.005909,0.005747,0.01882,0.000498,0.004303,0.014902,-0.0019,0.011455,-0.011757,0.007664,0.002697,0.013537
2023-01-19,-0.015917,-0.001436,0.001876,0.019119,0.003195,0.001343,-0.017433,0.011785,-0.007024,-0.002431,0.012253,-0.002753,0.012982,0.002577,0.011343,-0.000859,0.024277,-0.015059,0.004945,-0.003524
2023-01-20,0.010441,0.007419,-0.002786,0.000615,0.012161,0.006754,-0.002196,0.003061,-0.002996,0.021891,0.012041,-0.017459,-0.002717,-0.004076,0.002182,0.002368,-0.009367,0.000396,0.016668,0.005598
2023-01-23,-0.001655,-0.006408,-0.013044,-0.01714,-0.004637,-0.004023,-0.010949,-0.001665,0.002143,-0.007544,0.004715,-0.002635,0.00145,-0.006447,-0.009157,-0.014196,-0.005668,-0.007684,-0.008084,0.001199
2023-01-24,0.010995,0.00884,-0.01745,-0.001416,0.00089,0.009887,0.000506,-0.000312,0.008159,0.000601,0.008863,-0.004685,0.018186,0.002866,-0.00173,0.006842,-0.013094,-0.006412,0.007153,-0.010792
2023-01-25,0.001046,0.003455,-0.007548,-0.00914,-0.00867,-0.011492,0.012579,0.009251,-0.005409,-0.011758,-0.009484,0.001798,-0.006487,0.018618,-0.029968,-0.014082,-0.007072,0.00471,0.024271,-0.002775
2023-01-26,-0.003082,-0.009864,-0.000447,0.00049,0.004557,-0.014253,-0.007458,0.002704,0.00283,0.008932,0.005355,-0.007566,-0.005398,-0.006418,-0.003834,-0.0089,-0.003419,0.017154,-0.000705,0.001179
2023-01-27,0.018237,0.002596,0.007323,0.004425,-0.000281,-0.011382,-0.009456,0.009285,-0.004719,0.001831,-0.000838,0.000683,-0.004785,0.009389,-0.015286,-0.000175,-0.002169,0.016838,-0.01003,0.008287
2023-01-30,-0.013856,-0.014915,-0.001631,-0.006125,0.011469,0.010598,-0.005393,-0.001911,0.000529,-0.002749,0.015024,-0.002172,-0.002422,0.00927,0.001727,-0.01348,0.020847,0.014887,0.004489,-0.019395
2023-01-31,-0.002079,-0.001813,-0.003286,-0.000365,0.003993,-0.01435,0.024693,0.016802,-0.00248,0.006337,0.007968,0.001582,-0.004647,-0.022109,-0.006361,-0.002161,0.007567,0.011753,-0.00663,0.00564
2023-02-01,-0.006618,0.005112,0.001661,0.002018,0.010966,0.007508,0.015495,-0.002828,0.019727,0.004984,-0.00165,-0.013763,-0.006398,-0.007632,0.002979,0.009211,-0.007823,0.006015,0.01425,-0.008925
2023-02-02,0.009245,-0.022888,0.010732,0.014747,0.009877,-0.014366,0.010155,-0.000407,0.002132,0.004693,-0.003917,0.0083,-0.001825,0.000726,-0.002052,-0.002464,-0.00873,0.012615,0.003835,-7.6e-05
2023-02-03,-0.008592,-0.012287,0.00545,-0.000476,7.2e-05,0.00565,0.001556,0.012727,-0.00855,-0.00039,0.003716,-0.011528,0.020098,-0.005095,-0.009999,-0.004431,-0.024164,0.006068,-0.003092,2.6e-05
2023-02-06,-0.00719,0.011596,-0.002646,-0.010527,0.017123,-0.001536,-0.003706,0.00724,-0.000407,-0.01464,0.017556,0.009702,-0.006336,0.007805,0.007657,-0.004946,-0.000633,0.003828,-0.000875,0.003915
2023-02-07,-0.021971,-0.013215,0.005159,0.008475,-0.009012,0.017035,-0.005691,0.011185,0.015844,0.000129,-0.01175,0.006022,-0.009173,-0.016818,0.000505,0.015685,0.006943,0.004407,0.004419,-0.015591
2023-02-08,-0.018794,-0.003766,0.003537,0.007855,0.012712,-0.008104,-0.009978,-0.01249,-0.011375,-0.002856,0.003372,-0.014439,-0.002902,0.004117,-0.006318,0.002577,-0.002088,0.015672,-0.002729,-0.004698
2023-02-09,-0.009796,-0.000226,-0.005783,-0.001773,0.013345,-0.018963,0.004092,-0.002664,-2e-06,-0.005854,-0.010306,0.001714,0.002638,-0.010114,-0.010369,-0.003648,0.004056,-0.005703,-0.004275,0.006935
2023-02-10,0.010756,-0.002681,-0.004689,-0.020814,0.010778,0.002901,-0.003998,-0.005536,-0.013574,0.019924,0.000945,-0.005171,0.010014,-0.002917,-0.007418,-0.016683,0.013833,0.014381,-0.013888,0.010029
2023-02-13,-0.018528,0.010315,0.020077,-0.005378,0.000372,0.014604,-0.008397,0.02577,0.014812,-0.009504,0.001471,-0.00525,0.006817,-0.006364,0.001087,0.021358,-0.007292,0.012829,-0.015933,0.013847
2023-02-14,-0.003343,-0.004936,-0.006823,-0.001357,0.024067,0.005849,-0.008468,0.005278,-0.011137,0.011025,0.013328,-0.002184,-0.002226,0.009399,-0.01247,0.002331,0.007609,-0.008635,-0.001761,-0.006039
2023-02-15,-0.010581,0.006825,-0.016553,-0.006105,-0.010872,-0.008487,0.007045,0.003139,0.006821,0.016459,0.007134,0.00259,0.017139,0.004803,0.009653,0.013889,0.000982,-0.000595,0.012878,-0.010646
2023-02-16,-0.016008,0.004385,0.002801,0.013605,-0.007992,-0.000508,0.004018,0.004413,-0.006776,0.023011,-0.009552,0.004826,-0.002661,-0.00335,0.006041,-0.01666,-0.004817,0.016623,-0.016234,0.007755
2023-02-17,-0.007743,0.017444,0.005474,0.00143,-0.008825,0.000144,0.004249,0.014297,-0.002345,0.005195,-0.015777,0.005435,0.012255,0.002307,0.001252,-0.005953,0.005312,-0.008178,0.002585,0.008191
2023-02-20,-0.023677,-0.004999,-0.008173,-0.006393,-0.002718,0.010094,0.006579,-0.000708,0.008761,-0.019713,-0.011728,0.00264,0.008239,0.001094,-0.01888,-0.019572,0.017554,0.003621,-0.005931,0.006692
2023-02-21,-0.002102,0.018694,-0.01933,-0.016072,0.001976,-0.008247,-0.000543,-0.000551,-0.014605,-0.007947,-0.019293,-0.006653,0.006016,0.004892,0.001526,-0.007569,0.012028,0.009404,-0.000232,0.002628
2023-02-22,0.001644,0.002605,-0.010212,-0.015486,0.007777,0.026566,-0.011129,0.010215,-0.002127,-0.005816,-0.007866,0.003107,0.001678,0.01892,0.013931,0.009538,0.001325,-0.00604,0.008234,-0.001144
2023-02-23,0.003622,-0.005246,0.000796,0.01954,-0.003679,0.011184,-0.002388,-0.006665,0.011191,0.001691,-0.004092,-0.000988,0.001019,-0.006475,0.007895,-0.000481,-0.004099,-0.006014,0.014195,0.00804
2023-02-24,-0.013431,-0.002127,-0.001368,0.016611,-0.010521,0.001072,0.01066,-0.012121,-0.007853,-0.013061,0.003388,-0.003119,0.014713,0.004466,0.001327,0.00961,0.013292,-0.002375,-0.00824,-0.016922
2023-02-27,-0.002144,-0.003966,-0.001903,0.005568,-0.000436,0.018762,-0.005558,0.00388,0.004223,0.000607,0.004949,0.008582,-0.000568,-0.004525,0.007279,0.003971,-0.006416,0.003002,-0.005138,-0.004777
2023-02-28,-0.004967,-0.007906,-0.008639,-0.008304,0.012209,0.006217,-0.013343,0.002803,-0.003873,-0.011082,0.007008,0.008155,-0.009005,0.001679,0.001869,-0.001177,-0.006656,-0.012435,-0.010592,-0.014244
2023-03-01,-0.018367,-0.011113,-0.013949,-0.016618,0.001103,0.005271,0.000491,-0.022593,-0.005736,-0.003316,-0.007816,-0.0012,0.001885,-0.018923,-0.004035,0.013367,-0.004738,0.014465,-0.000341,-0.000758
2023-03-02,0.003689,0.012501,0.003438,-0.012758,-0.022999,-0.002344,0.004534,0.001311,0.000418,-0.00643,-0.011106,0.013087,0.002933,-0.003756,0.007914,0.005278,0.00732,-0.001314,0.007545,-0.005311
2023-03-03,0.012337,0.011808,-0.010808,-0.005791,0.001003,-0.007205,-0.005144,-0.005158,0.014153,-0.00542,-0.002173,-0.003995,0.004106,-0.003741,-0.02299,0.001882,-0.004342,0.027621,-0.004075,-0.005058
2023-03-06,0.009332,0.015811,0.019015,-0.009663,-0.004064,0.005282,0.007342,0.004966,-0.006347,-0.000999,0.007048,-0.002632,-0.004401,0.001051,0.006125,-0.001336,-0.007741,-0.003087,-0.002117,0.000219
2023-03-07,-0.005374,-0.002215,-0.00478,0.003312,-0.012491,-0.006868,0.007829,-0.02261,0.001408,0.001268,-0.015655,0.000726,-0.021415,0.023644,0.014737,0.014068,-0.004155,0.006775,0.015125,0.005621
2023-03-08,0.009667,0.00971,0.001381,0.002931,0.005748,-0.016381,0.00426,-0.002013,0.01154,-0.004179,-0.001273,-0.003819,0.000456,0.009387,0.009115,-0.00453,0.015269,0.004496,-0.005008,0.004992
2023-03-09,0.001824,-0.019115,-0.004247,0.001512,-0.029755,0.016929,-0.003026,0.010495,0.002024,0.00157,-0.009289,0.005668,-0.001967,-0.000844,-0.006452,-0.005856,0.012573,0.010046,0.006142,-0.000161
2023-03-10,-0.002025,0.014454,-0.007159,0.001798,-0.005086,0.002635,0.015595,-0.011781,0.008392,0.007425,-0.007329,0.007304,0.004947,0.004215,0.000112,0.00055,0.004872,-0.007026,0.008421,-0.007925
2023-03-13,0.021427,-0.005423,0.010365,-0.014649,-0.014126,-0.006894,-0.007024,0.012261,0.002308,-0.022531,0.005649,0.009146,-0.002797,-0.031484,-0.015934,-0.025104,0.000458,-0.008591,-0.008864,0.007372
2023-03-14,-0.002243,0.000674,-0.009445,0.002555,-0.002225,-0.004754,-0.00666,-0.00817,-0.005363,-0.015591,0.013102,0.016023,0.007772,-0.017597,-0.007903,-0.014351,0.010816,0.003673,0.01361,0.003522
2023-03-15,-0.000511,0.000301,0.002411,-0.00634,0.014717,-0.010809,0.015524,0.008325,0.006573,0.002424,0.001634,0.000293,-7.6e-05,-0.007466,0.001725,0.010358,0.007682,0.00169,0.014053,0.026991
2023-03-16,0.001246,0.001301,-0.007845,0.014715,-0.005,-0.009468,-0.003294,-0.008435,0.00745,0.008424,0.004445,-0.001754,-0.011116,-0.008288,0.012016,-0.007631,-0.0175,-0.007266,-0.007421,0.016292
2023-03-17,-0.005038,-0.004455,-0.02132,0.001822,0.007756,-0.002336,0.001314,-0.004827,0.008459,0.027376,-0.001533,0.002518,-0.002108,-0.008919,-0.001025,-0.000127,2.3e-05,-0.003943,0.013582,-0.00757
2023-03-20,0.0052,0.009078,0.001138,0.011017,0.008636,-0.00068,0.00305,-0.00931,-0.022427,0.00282,-0.006897,0.000331,0.002816,0.006707,0.014628,0.000112,-0.010464,0.009455,0.007812,0.012281
2023-03-21,-0.018007,-0.0031,-0.013062,0.008128,0.002703,0.009762,0.005197,-0.000679,0.003035,0.001288,-0.006208,0.002149,-0.008822,0.00398,0.001449,0.00757,-0.010648,-0.009818,0.000644,-0.006525
2023-03-22,-0.008446,0.007794,0.010688,0.01266,-0.009241,-0.002891,-0.000418,-0.013369,-0.002218,0.006813,-0.015857,0.01401,0.012087,0.004245,0.014851,0.006238,0.009928,-0.006215,-0.005997,-0.022726
2023-03-23,0.012933,-0.01933,0.011263,0.001982,-0.005434,-0.005989,-0.0033,-0.014823,0.004293,0.029333,-0.009342,-0.005365,-0.000781,-0.023807,0.015707,-0.014609,-0.00148,0.003611,0.007796,-0.001983
2023-03-24,-0.002558,0.006232,-0.004671,0.002115,-2.8e-05,0.003703,0.016346,0.009357,0.001819,-0.001929,0.001362,-0.014273,-0.003417,-0.0258,-0.008152,-0.018062,-0.001125,-0.010903,0.002592,0.005472
2023-03-27,0.003719,-0.019031,0.012344,0.004312,0.017854,0.013157,-0.021435,-0.001801,0.006903,0.000269,0.016474,0.018789,0.00201,-0.012793,0.001753,-0.00353,-0.00583,0.024107,-0.020436,-0.001571
2023-03-28,-0.003457,0.003623,0.002805,0.013319,0.00496,0.009526,-0.001406,-0.022188,0.023328,-0.007405,0.006561,0.004703,0.00256,0.004805,0.005491,0.007768,-0.001918,0.002622,-0.000145,-0.011173
2023-03-29,-0.010795,-0.002164,-0.000323,-0.003516,0.006446,0.001247,0.016011,0.00428,-0.013304,0.012842,-0.004369,0.005845,0.001821,-0.006898,0.020081,-0.006635,-0.010755,0.011072,0.004654,-0.014808
2023-03-30,0.013882,-0.013526,-0.016282,0.004901,0.014929,0.013491,-0.000599,0.000151,0.002137,0.007474,0.008324,0.011191,-0.011613,-0.008429,-0.00286,-0.008361,0.017939,-0.012733,-0.000724,-0.003227
2023-03-31,-0.001993,-0.029638,0.004975,0.00463,-0.010803,-0.010391,-0.007661,0.015494,0.008228,-0.009556,-0.005657,0.015424,0.005241,-0.026887,-0.017301,-0.01047,-0.007044,0.013027,-0.017303,0.018445
2023-04-03,0.010106,-0.007055,0.005434,-0.014577,0.001122,0.008638,0.011806,-0.009231,0.010689,-0.003696,0.004489,-0.014862,-0.008997,-0.00745,0.015248,-0.00701,0.000651,-0.002789,-0.000929,-0.000527
2023-04-04,0.001921,0.020239,0.005371,-0.002306,-0.006015,-0.013415,-0.006701,0.005436,-0.018342,0.004034,0.001035,-0.004696,-0.005572,-0.004595,0.003988,-0.002504,-0.001394,0.006835,-0.002242,-0.016148
2023-04-05,0.004584,-0.002667,0.015949,0.010653,0.001343,-0.011136,0.000113,0.004361,0.012858,0.006266,0.022071,0.015993,0.003936,-0.00073,-0.002007,0.000984,-0.00462,0.026506,-0.011876,-0.004022
2023-04-06,-0.000164,-0.004072,0.008445,-0.007883,7.2e-05,0.000984,0.013173,-0.008876,-0.006262,-0.019093,-0.008369,0.017168,-0.007413,0.002014,-0.008582,0.002707,-0.012266,-0.006839,0.003591,-0.005353
2023-04-07,-0.004036,0.014864,0.005417,-0.001406,0.000198,-0.014053,0.004059,-0.014885,-0.003905,0.012023,0.003702,-0.002847,0.002288,-0.001768,0.003637,-0.003575,0.001825,0.002065,0.022866,0.016581
2023-04-10,-0.010087,-0.011125,0.008785,0.033932,0.015013,0.018469,-0.015251,0.004617,0.008673,0.017513,-0.011664,0.003129,-0.008069,0.01245,0.009977,-0.004947,0.000622,0.002852,0.001627,0.00835
2023-04-11,0.001398,-0.000907,0.003173,-0.023355,-0.001973,0.003602,0.022615,-0.003785,0.017012,-0.000483,-0.007348,0.00136,0.003335,0.03027,0.011727,0.011321,-0.027683,-0.00925,0.009894,0.002099
2023-04-12,-0.014501,0.004669,-0.0131,0.011972,0.014032,0.004091,-0.008101,-0.008325,-0.017706,-0.009891,-0.006949,0.012623,0.00492,-0.002391,0.004308,0.003704,-0.004691,-0.017544,0.002171,-0.021582
2023-04-13,-0.012958,-0.016372,6.4e-05,-0.00085,0.007294,0.010286,-0.01338,-0.00064,-0.004568,-0.008087,0.005471,0.004121,0.006103,0.002139,0.00529,-0.009787,0.003232,0.005934,0.007893,0.008319
2023-04-14,0.009672,0.012002,0.013278,-0.010604,-0.001192,-0.000246,-0.004747,0.014317,0.004728,0.008093,0.016705,0.007398,-0.012357,-0.003938,-0.006449,-0.006433,-0.008503,-0.011588,-0.003347,-0.020233
2023-04-17,-0.010451,0.009344,-0.010244,0.006193,-0.003777,-0.008415,0.003975,-0.009502,-0.017459,0.013004,-0.000216,0.002869,0.016589,0.00314,-0.004312,-0.021913,-0.008055,-0.023097,-0.009482,-0.000473
2023-04-18,-0.002958,-0.003538,-0.011149,-0.006595,0.003009,-0.016648,-0.00661,-0.001904,-0.008582,-0.008328,0.008231,-0.007897,-0.006055,0.008079,0.008584,-0.004704,-0.00939,-0.006104,-0.001926,0.000921
2023-04-19,0.010492,-0.007481,-0.014944,0.008828,0.010141,-0.001794,0.003034,0.001015,-5.3e-05,0.010746,0.002947,0.000203,-0.011173,-0.001323,0.005393,-0.006078,-0.006048,-0.006846,-0.00128,-0.023827
2023-04-20,-0.001661,0.003939,-0.013616,0.011518,-0.002816,0.02295,0.023124,-0.008491,0.00197,0.014092,-0.006488,0.000622,0.002312,-0.012362,0.000208,-0.000308,0.008887,0.011619,0.008048,-0.004172
2023-04-21,-0.012211,-4.9e-05,-0.002519,0.013009,-0.001215,0.015045,0.008915,0.009232,0.000712,-0.016513,0.003688,0.006214,-0.003736,0.003984,0.011942,-0.005832,-0.00957,0.004685,0.007992,-0.006243
2023-04-24,0.02537,-0.013209,-0.007051,0.000451,0.005704,-0.014754,0.015653,-0.001207,0.002623,0.008824,0.005012,0.013463,0.009413,-0.016773,-0.012481,-0.006,-0.000889,0.00501,-0.012977,0.010206
2023-04-25,0.010538,0.007487,-0.013394,-0.000557,-0.011103,-0.012564,0.008545,-0.004943,0.015877,0.003172,-0.0046,0.004877,-0.011299,-0.006151,-0.00524,0.002371,-0.012429,-0.00078,0.008774,0.004792
2023-04-26,0.002451,-0.006872,-0.002958,0.000863,0.005284,0.013829,-0.005327,-0.013532,-0.024332,0.009956,0.008094,-0.001395,0.00354,0.012694,0.008713,-0.013301,-0.009448,-0.020543,0.000999,0.003634
2023-04-27,-0.010929,-0.005286,0.001265,0.006629,0.002067,-0.006409,0.000759,0.012983,-0.001513,-0.001817,0.022123,0.006085,-0.004031,-0.002392,0.008844,0.022019,-0.015806,0.007316,-0.000562,-0.007615
2023-04-28,0.015517,-0.018248,-0.007739,0.014427,-0.004998,0.006769,0.006413,-0.011009,-0.009123,-0.00711,0.003539,0.002105,0.002654,0.006989,-0.003156,-0.01973,-0.006879,0.000361,-0.013392,0.003731
2023-05-01,-0.000917,0.001022,0.004984,-0.000182,0.013223,0.02145,0.002056,0.00583,-0.019935,0.002243,0.001519,0.007678,-0.006236,-0.005599,0.006441,-0.006606,-0.004819,0.004988,0.006786,-0.000323
2023-05-02,0.003557,-0.017636,-0.003477,-0.02015,-0.004806,-0.007565,-0.011816,-0.002376,0.002709,-0.003677,-0.00613,-0.018372,-0.018231,-0.01089,-0.005877,0.006313,0.000106,0.000243,-0.003692,0.000815
2023-05-03,-0.020536,0.007973,0.001996,-0.013568,-0.015903,-0.016092,0.005984,-0.00764,-0.000152,-0.019673,0.001148,-0.00292,-0.006908,-0.005778,0.00222,0.004137,-0.010167,-0.022127,0.019371,-0.011442
2023-05-04,-0.0029,0.002017,0.000683,0.004849,0.011454,-0.001232,-0.004869,0.01363,0.022848,0.005558,0.000393,-0.007918,0.009851,-0.008054,0.01481,0.007805,0.001373,0.009913,-0.004049,-0.011487
2023-05-05,-0.004333,0.006292,0.000958,-0.000901,0.001806,-0.012938,-0.006656,0.010228,-0.001699,0.011507,0.00048,0.000673,0.002312,-9.9e-05,0.004377,0.00509,-0.001107,-0.011956,0.015179,0.0004
2023-05-08,-0.003276,-0.020977,0.001125,-0.005413,0.010032,0.011564,-0.002683,0.012788,0.000308,0.033827,0.001631,-0.003629,0.01482,-0.010178,-0.00562,-0.001544,0.010578,0.00544,0.006982,-0.011323
2023-05-09,-0.008323,0.009546,0.003431,-0.001584,0.005757,0.002599,0.009297,-0.001988,-0.003151,0.004801,0.002184,-0.006624,-0.005338,0.00135,0.009172,0.007156,-0.002803,-0.014155,0.012752,-0.007921
2023-05-10,0.00551,0.003306,0.004216,-0.003588,0.000854,0.011242,0.019522,-0.024757,-0.003895,0.00681,0.009233,-0.004292,0.003093,-0.013194,0.005628,-0.006548,0.013273,-0.008126,0.014866,-0.00244
2023-05-11,-0.009738,0.001212,0.01271,-0.009977,0.006373,-0.003719,-0.000364,0.014306,-0.010413,0.020354,0.001496,-0.011837,-0.00218,0.014179,0.003544,-0.005063,-0.000387,-0.002178,0.006664,0.009277
2023-05-12,0.00038,-0.009929,-0.010333,-0.00488,0.007809,-0.010636,0.0224,-0.000323,0.011092,0.0094,0.007031,-0.007931,0.007305,0.012746,-0.013717,-0.003556,0.010142,-0.014304,-0.003471,-0.000148
2023-05-15,-0.002471,-0.001345,-0.011932,-0.003756,0.010173,-0.015013,-0.001165,0.004159,-0.003086,-0.009588,-0.007024,-0.00491,-0.002304,0.008629,0.004172,-0.000675,0.009645,-0.001936,0.012793,0.014128
2023-05-16,0.007212,0.024359,-0.002147,-0.009185,0.00859,0.010209,0.014864,-0.003425,0.000767,0.010556,0.000441,0.009599,-0.004353,-0.011777,-0.006975,-0.011927,-0.00362,0.003978,-0.014979,0.011216
2023-05-17,-0.008022,-0.011753,-0.004135,0.005971,0.001451,-0.014515,-0.004979,0.012593,-0.000753,0.017622,0.011189,0.004774,0.009196,0.005806,0.002201,-0.006265,-0.002633,0.004736,-0.02032,-0.002425
2023-05-18,-0.002297,0.002315,0.000656,0.007808,0.005934,-0.000122,-0.001288,0.009369,0.004615,0.000801,-0.003163,-0.002318,0.000771,-0.003626,-0.007338,-0.001619,0.006684,-0.0144,0.012268,-0.008885
2023-05-19,-0.011948,-0.003289,-0.001716,-7.9e-05,-0.012769,-0.013934,0.016456,-0.006369,-0.009932,-0.005816,-0.000174,0.014925,-0.013381,-0.002349,-0.026556,0.001761,0.00315,-0.013234,0.007609,-0.001263
2023-05-22,-0.001878,0.011353,0.007741,0.002403,0.011323,0.005088,0.002086,0.010148,-0.007954,0.014147,0.002961,-0.025981,-0.000137,-0.007859,-0.002198,0.014148,0.002588,0.02408,-0.0062,-0.000262
2023-05-23,0.003228,0.010676,0.00129,0.008551,-0.010685,0.005181,0.021373,0.00779,0.00132,-7.4e-05,0.013578,0.00083,0.007414,-0.00223,4.6e-05,-0.00187,-0.004229,0.00131,0.011229,-0.006988
2023-05-24,0.004832,0.007191,0.017925,-0.003094,-0.024667,-0.009995,0.013112,-0.005382,-0.003113,-0.017314,0.006215,-0.001547,-0.015375,0.00966,-0.005034,-0.009565,-0.002563,0.00554,-0.002575,-0.015229
2023-05-25,-0.005404,0.015912,-0.0025,-0.007885,0.020386,-0.000721,0.004449,-0.003046,0.008721,0.000492,-0.008951,0.011036,0.004279,0.000661,0.001435,-0.002165,-0.000465,-0.002173,-0.004746,-0.019511
2023-05-26,0.009013,-0.013678,-0.001553,0.015035,0.001373,-0.013041,0.001151,0.001413,-0.0101,0.013655,-0.001554,0.008677,0.004432,0.009072,0.009666,0.023957,0.005075,-0.018009,0.00623,-0.006405
2023-05-29,-0.009206,-0.036207,-0.001376,0.006184,0.005563,-0.009434,-0.004035,0.002257,-0.005351,0.022768,-0.004173,0.006181,0.002814,0.008507,-0.00569,-0.008184,0.003893,-0.003343,0.009309,0.00423
2023-05-30,-0.002486,0.005177,-0.01052,0.003533,0.003503,-0.005269,-0.003847,0.02208,0.006899,0.000293,-0.000316,0.010415,-0.01047,0.010705,0.004251,0.003553,0.012186,-0.009392,-0.024409,-0.001324
2023-05-31,-0.02176,-0.003545,-0.000929,-0.006162,0.001368,-0.00604,0.001578,0.006355,0.001661,0.004033,-0.010746,0.01265,0.002244,-0.005228,-0.004057,-0.002892,-0.015873,0.003942,0.008165,0.012141
2023-06-01,0.006855,0.006345,-0.009613,0.001182,0.017144,-0.002145,-0.005978,-0.004844,-0.006196,0.027234,0.012263,-0.004831,-0.005746,-0.001566,0.012638,0.004291,0.001531,-0.002128,-0.003794,-0.01667
2023-06-02,0.002457,-0.003277,0.007827,-0.003954,-0.011279,-0.021527,-0.016616,0.000317,-0.021057,-0.008561,0.005109,-0.010708,-0.01167,-0.005515,0.004103,-0.000836,-0.005937,0.005837,0.004912,-0.002636
2023-06-05,0.010872,-0.000855,0.003554,-0.01219,0.015742,0.005151,-0.000771,0.008168,-0.00527,0.000484,0.005552,0.00929,0.01508,0.008963,-0.011333,-0.014717,-0.014529,-0.005107,-0.0114,0.010702
2023-06-06,-0.011617,0.015986,-0.007784,0.001209,-0.016252,0.011784,0.000237,0.006226,0.02189,0.009714,0.007556,0.002842,0.013584,0.001711,0.0043,-0.001572,-0.015777,-0.017705,-0.004941,-0.00037
2023-06-07,-0.008524,-0.008738,-0.010504,0.011983,-0.001471,-0.012436,-0.012727,0.000535,-0.006511,-0.008382,-0.016711,-0.000879,-0.020745,0.011723,-0.003475,-0.006203,0.006435,-0.002487,-0.013193,0.002093
2023-06-08,-0.002617,-0.000122,-0.01194,0.000845,-0.000241,-0.000213,-0.001272,-0.000444,0.006956,0.002339,0.00924,-0.018362,0.004645,0.003742,0.006753,-0.011034,-0.01098,-0.008816,-0.013727,-0.004245
2023-06-09,0.015948,-0.007963,0.004712,0.005463,-0.005248,-0.00173,-0.007644,-0.003389,0.02728,0.017456,-0.014729,0.00069,-0.023996,0.002038,-0.009734,0.005129,-0.002031,0.010843,-0.008775,-0.007201
2023-06-12,0.012434,0.014563,-0.000146,0.007099,-0.007448,-0.007365,-0.006397,0.025625,0.000338,-0.004519,-0.017675,0.01941,0.002752,0.005922,-0.016718,0.010623,-0.002256,-0.00607,0.006635,0.015174
2023-06-13,0.006946,-0.002077,0.008147,-0.007843,-0.001321,-0.013146,0.017355,-0.003711,-0.013658,0.003684,0.01153,-0.00973,-0.003639,-0.002916,0.013162,-0.00537,0.025092,0.006421,0.01099,-0.009668
2023-06-14,0.002801,-0.009824,0.000897,-0.011642,0.007871,-0.009286,0.012003,-0.010883,0.0015,0.007794,-0.002647,0.001921,0.012276,-0.001802,0.008321,-0.020745,0.005622,0.013301,-0.004438,-0.014513
2023-06-15,0.020907,-0.014315,-0.014808,-0.000451,0.004817,0.014342,-0.001596,0.002962,0.006894,0.006338,0.006305,0.001615,0.003236,0.004231,-0.010022,-0.000647,0.0086,-0.0137,-0.013142,-0.001161
2023-06-16,-0.004617,0.011249,0.000151,-0.001913,-0.011962,-0.018034,-0.011071,0.001838,0.013923,0.014437,-0.009102,-0.004431,0.002878,-0.003286,0.011682,0.007382,-0.003476,0.014109,-0.010963,0.002812
2023-06-19,-0.023435,0.006047,-0.019013,0.003604,-0.019115,0.012738,7.7e-05,-0.010982,0.005252,-0.007948,-0.024554,0.001647,0.010459,-0.001834,0.013726,0.006745,0.009819,0.006151,0.007542,-0.006135
2023-06-20,0.000159,0.007758,-0.00202,0.000239,-0.01115,0.008684,0.012548,-0.014032,-0.010622,0.020915,-0.009883,0.010383,0.006143,0.021762,0.001603,-0.001729,-0.011218,0.00135,0.011699,-0.001064
2023-06-21,0.010468,0.007315,0.011409,-0.018137,-0.017879,0.012393,-0.010097,0.002072,-0.004277,-0.001701,0.010887,0.007038,0.002834,0.008628,-0.012327,-0.017035,0.003582,0.009871,-0.015293,-0.000826
2023-06-22,0.015278,0.010223,0.007049,0.007331,-0.01304,0.000343,0.005168,0.001759,-0.010849,-0.013595,0.006711,0.008728,0.000102,0.010798,-0.011376,0.011984,0.01111,0.022206,-0.003831,0.002658
2023-06-23,0.007422,-0.009541,-0.009644,0.000776,0.010286,-0.018525,-0.009482,-0.000418,-0.0213,-0.010174,-0.000434,-0.002161,0.001134,-0.000699,0.016446,-0.006571,0.000631,0.010475,0.005112,-0.005468
2023-06-26,0.002149,0.013225,0.00728,0.00828,-0.007251,0.005229,0.001601,0.016131,-0.001656,0.002941,-0.018874,0.002871,0.006453,-0.002913,-0.011507,-0.001147,-0.005471,0.010578,-0.01056,-0.001461
2023-06-27,0.009944,-0.001725,-0.008889,-0.005468,-0.003664,-0.000982,-0.003057,0.013074,0.016763,-0.013822,0.005049,0.014915,-0.005481,0.012275,-0.007142,0.00358,-0.005497,0.000804,-0.005878,0.010025
2023-06-28,0.000459,0.006328,0.018337,0.00842,-0.013625,-0.005639,0.015235,0.003885,-0.000529,-0.004387,0.008905,-0.001107,-0.002325,-0.005824,-0.001752,-0.020722,0.018488,-0.015302,-0.00873,-0.016607
2023-06-29,0.001417,-0.000364,0.0057,-0.008496,0.013388,-0.00519,-0.012896,0.007189,0.005656,0.010688,0.008327,-0.00454,0.007363,-0.010787,-0.013984,0.018198,-0.015605,0.022479,0.006053,-0.005125
2023-06-30,-0.01796,0.000822,-0.006739,-0.013687,0.000804,-0.009701,-0.017234,-0.014485,-0.004853,0.00022,-0.013093,-0.015916,0.005928,0.014013,-0.008937,0.01183,-0.009379,0.019436,-0.003465,0.009153
2023-07-03,-0.008277,0.005721,0.002681,-0.005649,0.001146,-0.011342,6.4e-05,0.008687,-0.011143,0.012637,-0.018808,0.003901,0.004609,0.010723,0.01639,0.002008,-0.00171,-0.000145,0.015194,-0.01339
2023-07-04,-0.005221,-0.006022,0.001722,-0.010492,-0.004315,0.00231,0.008969,-0.004318,0.016324,-0.005702,0.017317,0.011565,-0.001298,0.003522,0.002185,0.017322,-0.010329,0.012795,-0.005198,-0.01508
2023-07-05,-0.016231,0.005944,0.00252,0.009135,0.021142,-0.002658,-0.003577,-0.014319,0.012574,0.002519,-0.036352,0.001059,0.005326,-0.004252,0.015196,-0.003587,-0.008319,-0.021467,-0.010768,0.00606
2023-07-06,-0.006796,-0.008691,-0.010677,0.01256,-0.00405,0.00229,0.010636,-0.003828,0.010181,-0.005612,-0.004185,-0.002691,0.008077,0.011863,-0.010321,-0.006219,0.011238,-0.0005,-0.007997,0.011459
2023-07-07,-0.004458,0.006949,0.002822,-0.011826,-0.008259,-0.008525,0.005337,0.002119,-0.00644,-0.009792,-0.004421,0.001946,0.013116,-0.013617,-0.00832,0.001831,-0.000333,-0.012568,0.016067,0.011194
2023-07-10,-0.006482,0.004181,0.001201,-0.002047,0.00353,0.017663,-8.7e-05,0.01164,0.008294,-0.007384,0.015948,0.013961,0.003504,-0.003472,-0.010171,0.00118,-0.000483,0.013423,-0.0089,0.004127
2023-07-11,-0.00528,-0.006173,-0.005379,0.006377,0.002639,-0.004563,0.001768,-0.007392,-0.004853,0.001595,-0.007101,-0.01043,0.013135,0.001563,-0.000162,-0.000642,-0.004523,-0.003109,0.021346,0.005476
2023-07-12,-0.007036,0.016602,-0.006489,0.011361,-0.004345,0.002926,0.00037,0.001569,0.000112,-0.003802,0.001971,0.01469,-0.003683,-0.011775,-0.01472,-0.010717,-0.018098,-0.020812,0.004929,0.00566
2023-07-13,0.0028,-0.01359,-0.000697,0.001374,0.001308,0.009851,0.005015,0.001486,0.010776,0.006306,0.006183,0.004418,-0.003527,0.016251,0.000872,-0.012749,0.002522,0.003234,0.020467,-0.003829
2023-07-14,0.00346,0.008007,0.004863,0.007675,0.002737,0.007708,-0.019239,0.014565,0.000951,-0.006488,0.010749,0.000678,-0.011481,0.001127,0.005745,-0.012646,-0.01277,0.003182,-0.007774,0.00247
2023-07-17,-0.009995,-0.006074,-0.008123,0.003234,-0.001456,-0.00713,0.01847,0.002073,-0.006588,-0.005518,-0.008736,0.011116,-0.011791,-0.00265,0.010847,-0.009105,-0.011202,0.002878,0.010638,-0.009446
2023-07-18,-0.004963,0.005116,-0.000358,-0.001922,-0.005187,0.003698,-0.017979,0.023243,-0.008752,0.009289,-0.008439,0.005778,-0.00806,0.01153,0.010102,-0.004158,0.005317,-0.006879,0.006221,0.008407
2023-07-19,-0.010804,-0.014787,0.005361,-0.013284,-0.012363,-0.007937,-0.00646,0.004289,0.009652,0.004285,-0.002081,0.000682,-0.002644,0.000554,-0.003135,0.011498,-0.010451,0.012665,0.009807,-0.020749
2023-07-20,0.013943,0.001543,0.00568,-0.008136,0.010618,0.021044,0.007864,0.018319,-0.004093,-0.00118,-0.020145,0.0034,-0.009429,-0.010406,-0.00032,-0.00108,-0.017333,-0.006425,-0.003565,0.019671
2023-07-21,0.00945,-0.000476,0.006284,-0.008789,-0.002011,-0.003366,0.012458,-0.006262,-0.013787,0.008762,-0.00086,0.008154,-0.005618,-0.009611,-0.003997,0.01349,0.009922,-0.013499,0.011587,0.008288
2023-07-24,0.003057,0.004466,-0.000286,0.008857,-0.001181,-0.003377,0.005088,-0.000493,-0.017547,-0.011899,-0.002248,0.021727,0.002167,0.005932,-0.009283,0.011446,0.009096,0.000345,-0.01405,-0.021944
2023-07-25,-0.003023,-0.002655,-0.004021,-0.014633,0.013109,0.026157,-0.005849,-0.004219,-0.012421,-0.01244,-0.018524,-0.002537,0.00415,-0.002276,-0.007033,-0.005771,0.003077,0.000344,0.003298,-0.003594
2023-07-26,-0.004314,0.003747,-0.001053,-0.000644,-0.014117,0.008359,-0.007971,0.019366,-0.005489,-0.006176,-0.005635,0.007201,-0.003225,-0.007364,0.00241,0.00797,0.012429,0.01305,-0.001109,-0.007022
2023-07-27,0.010162,-0.003085,-0.009463,-0.005911,-0.001115,0.009393,0.015742,-0.00106,0.005577,0.014828,-0.012565,-0.009073,0.001831,-0.006959,0.003942,-0.008044,-0.002926,0.002837,0.014445,-0.000734
2023-07-28,0.005532,-0.002942,0.014729,-0.00545,0.004938,0.0055,-0.006941,-0.009239,-0.000635,0.005549,0.017812,-0.008286,0.001115,0.002366,-0.005525,-0.001509,-0.007808,-0.00141,0.003138,0.010176
2023-07-31,-0.000705,-0.001584,0.012222,-0.013971,-0.015316,0.00146,-0.006464,0.009461,0.002978,-0.00095,0.017467,0.014576,-0.018534,0.006786,0.011115,-0.005817,-0.004261,-0.00245,-0.002676,0.019345
2023-08-01,0.01091,-0.009956,-0.004325,0.003798,0.011186,-0.005725,-0.003513,2.2e-05,-0.010953,0.010648,0.007052,0.003349,0.003438,0.003532,0.000325,0.007237,-0.014857,-0.000869,0.01158,0.004068
2023-08-02,0.007186,-0.013064,-0.000866,-0.002915,-0.005626,-0.013635,-0.004205,-0.00157,0.012595,-0.009762,0.000551,-0.000773,0.004171,0.002214,-0.001975,-0.014325,-0.0045,0.008321,0.006794,0.00211
2023-08-03,-0.009107,0.023202,0.011777,-0.016027,0.00727,0.014029,0.000937,0.010144,0.005422,0.00482,0.017419,-0.002624,-0.004033,0.00527,0.003499,-0.000581,0.014622,-0.002137,0.0124,0.006003
2023-08-04,0.003869,-0.002097,-0.007022,-0.006221,0.013054,-0.001587,-0.001478,-0.011114,-0.007437,-0.002375,-0.00903,0.009129,-0.012054,0.010192,-0.007552,-0.018001,0.000501,-0.002492,0.00553,-0.008834
2023-08-07,0.002928,0.011364,0.010895,0.00632,0.01542,-0.02042,-0.009934,-0.003709,-0.008568,0.012882,0.009833,-0.003848,0.002171,-0.003849,0.017374,-0.014915,-0.000641,0.00544,-0.006538,0.000445
2023-08-08,0.016176,-0.010914,-0.007871,-0.010611,-0.003467,0.019678,0.004755,-0.011498,-0.009074,0.016144,0.00368,0.002549,-0.00263,-0.004592,0.007674,-0.002176,0.001734,0.003881,-0.000449,0.012996
2023-08-09,0.01088,0.01632,0.033774,-0.008452,0.002565,-0.005871,-0.014026,-0.008803,-0.001208,-0.003659,-0.001388,0.003531,-0.003277,0.003554,-0.00051,0.010429,0.005548,-0.00625,0.001616,0.002268
2023-08-10,0.015845,-0.008261,0.010402,0.01051,-0.000757,-0.001721,-0.004196,-0.014397,0.007832,-0.024245,-0.004594,-0.009953,-0.003384,8.5e-05,0.001524,0.003838,0.004051,-0.00385,-0.006552,0.004245
2023-08-11,0.017087,-0.000957,-0.015688,-0.025033,-0.01531,0.014662,0.01294,-0.010885,-0.008366,-0.011285,0.001398,0.005555,0.011274,0.014441,0.013879,0.008427,0.015581,-0.00257,-0.008716,-0.004001
2023-08-14,-0.001952,0.007878,-0.005879,0.010691,-0.015611,-0.002906,-0.000476,0.017301,-0.004115,0.005459,0.010033,0.003048,-0.009411,-0.015856,0.003934,0.013624,0.005988,0.008525,-0.004532,-0.002488
2023-08-15,0.00193,-0.001335,-0.013227,0.00872,-0.000369,-0.00635,-0.006167,0.002901,-0.013058,0.002239,-0.000921,-0.018866,0.014106,-0.00845,0.006077,-0.002822,-0.004503,0.005785,-0.007514,0.006751
2023-08-16,0.010016,-0.013182,-0.001226,0.005395,-0.017943,-0.007825,0.003654,-0.0151,0.004356,-0.003505,0.011174,-0.004229,-0.002961,-0.006278,0.001004,-0.019367,-0.000758,-0.02201,-0.017938,0.003877
2023-08-17,-0.002685,-0.006004,-0.000902,-0.006607,-0.007578,-0.016936,0.00681,0.00595,0.009332,-0.003569,-0.003978,0.00309,-0.002046,0.020871,0.008078,0.020974,0.004071,-0.001174,0.005521,-0.003428
2023-08-18,0.006998,0.000758,0.006665,0.019669,-0.001273,0.004414,0.01029,0.009794,-0.021082,0.002077,-0.007525,0.00416,0.000994,0.014554,0.00417,0.000636,-0.002459,0.007802,-0.001407,0.019586
2023-08-21,0.003301,0.015193,0.004669,-0.010057,0.01235,-0.004708,-0.000904,-0.002974,0.009014,0.016849,-0.013735,0.010448,0.001054,0.011409,0.003691,-0.004013,-0.000158,-0.005261,-0.008213,-0.011177
2023-08-22,0.010961,0.001169,-0.001287,0.002127,-0.020687,-0.004971,0.009618,0.018701,-0.000409,-0.009514,-0.018902,0.00787,0.005112,-0.011821,0.009413,-0.008422,0.000827,0.017501,0.001193,-0.00147
2023-08-23,0.034928,-0.001142,-0.005455,0.001968,-0.000325,-0.014595,0.007911,-0.00414,-0.001057,0.002365,0.000664,0.012488,-0.016656,0.024408,-0.002471,0.013206,0.009684,0.017111,0.018398,-0.009538
2023-08-24,0.011355,-0.015971,-0.006568,-0.00142,-0.002554,-0.005736,-0.007762,-0.015013,-0.008793,-0.006144,0.008638,-0.004237,0.014511,0.018291,0.005174,-0.006391,0.008444,-0.008656,0.01398,0.006614
2023-08-25,0.011715,0.018183,0.005847,0.003101,0.005121,0.005849,-0.011352,0.011408,0.002399,0.001494,-0.001787,-0.017869,-0.006756,0.008454,-0.011808,0.005325,-0.009082,-0.00821,0.01644,-0.002101
2023-08-28,-0.019382,0.011085,0.015924,0.017892,0.009518,-0.003731,0.014816,0.009807,-0.005304,0.018429,0.015623,0.016211,-0.00965,-0.009299,0.002085,-0.008153,0.020355,0.016257,-0.016208,0.010994
2023-08-29,-0.011447,0.003383,0.006056,-0.004476,-0.001649,-0.010535,-0.013874,-0.00146,-0.007696,0.001856,-0.007653,0.003481,0.007106,0.010577,0.012948,-0.024931,-0.012044,0.022078,0.01606,-0.003766
2023-08-30,0.015689,0.003955,-0.00751,-0.007722,-0.00593,0.010755,-0.000473,0.001403,0.001363,0.001081,0.006458,0.009803,0.001906,-0.00138,-0.001601,-0.005935,0.00704,-0.0078,-0.010636,0.004833
2023-08-31,0.006161,-0.001383,-0.01179,0.018507,-0.00326,0.006836,0.005757,-0.013742,0.001732,-0.000153,-8.3e-05,0.005892,0.007253,0.009231,0.005637,0.006419,-0.002969,0.009607,-0.005632,-0.004072
2023-09-01,-0.007966,-0.00648,-0.010164,-0.00756,0.008961,0.010542,-0.000382,-0.034383,0.003073,0.003151,0.003969,-0.003957,-0.001104,0.000921,-0.001083,-0.009147,0.006567,0.003246,-0.006541,0.01953
2023-09-04,0.017791,0.004648,0.009453,-0.006189,-0.003034,-0.008686,0.010978,0.01205,0.008964,-0.023602,0.005522,0.008448,0.00305,0.002893,0.012649,0.000683,-0.011273,0.008961,0.000481,-0.017629
2023-09-05,0.015652,-0.000647,0.010744,-0.020391,0.010869,-0.015203,0.004651,-0.001952,-0.006757,-0.009596,0.018569,0.008493,0.005641,0.008712,0.009503,0.003186,-0.001337,0.004861,-0.004249,0.001827
2023-09-06,0.003537,0.004234,0.018169,0.01094,0.010065,-0.006326,0.007225,-0.003142,-0.004402,-0.002785,0.008072,-0.009876,-0.000822,0.009511,-0.002825,0.005528,-0.012429,-0.010622,-0.005451,-0.006549
2023-09-07,-0.001544,-0.001199,-0.002474,-0.020519,0.000822,-0.008023,0.019946,-0.012541,-0.011076,-0.010477,-0.002583,0.001443,0.018147,0.022287,0.003118,0.001578,-0.011035,-0.00896,0.000842,-0.004007
2023-09-08,-0.010089,0.001999,0.005387,0.008241,0.01119,-0.009795,0.003798,3.1e-05,-0.002929,-0.00947,-0.006308,0.015693,-0.005797,0.013522,-0.000976,-0.005578,0.004607,-0.01364,-0.002393,-0.000682
2023-09-11,0.004672,-0.001726,-0.001124,-0.013582,0.000202,-0.00391,0.000204,-0.011736,-0.004059,-0.005332,4.5e-05,0.000725,-0.001694,-0.013716,0.003228,0.005527,-0.010318,-0.005996,0.008359,-0.00068
2023-09-12,0.017788,0.002697,-0.002005,0.007967,-0.002584,-0.002749,-0.015784,0.005715,-0.000898,0.00334,0.007974,0.021851,0.014177,-3.1e-05,-0.003563,0.002786,-0.009584,0.001918,0.003822,0.002552
2023-09-13,0.007982,0.003866,0.014235,0.01963,0.000733,-0.014279,-0.005704,-0.005455,-0.008893,0.005116,-0.00657,-0.004758,0.003539,0.002335,0.000314,0.002185,-0.00696,0.007998,-0.007739,0.00515
2023-09-14,-0.014501,-0.000364,0.010002,0.009776,-0.008888,0.000624,0.006785,-0.004396,-0.010138,-0.010481,0.006223,0.015432,0.01551,0.003525,0.002141,-0.010132,-0.010025,0.006115,0.00062,-0.005503
2023-09-15,-0.015011,0.020009,-0.001929,-0.003742,0.005973,0.000256,-0.008845,0.007847,-0.031892,0.002478,0.0063,0.015009,0.000668,-0.013873,-0.005137,0.008066,0.003601,0.009645,0.005668,0.002002
2023-09-18,0.006005,0.006614,-0.008393,0.00778,-0.006288,0.010376,-0.020589,-0.00718,0.006596,0.004797,-0.005732,0.017577,0.008849,0.015487,0.010467,0.010243,0.005569,-0.010627,0.0014,0.002731
2023-09-19,0.013639,0.015908,-0.012651,0.008404,0.006657,0.006195,0.003548,-0.0055,0.010125,-0.01144,0.00017,0.005081,-0.018085,0.026434,-0.019988,0.004297,0.003078,0.014633,0.013523,-0.014858
2023-09-20,0.001167,0.006271,0.014057,-0.010275,0.006562,0.009123,0.000825,0.003721,-0.000494,-0.006797,-0.007335,-0.0013,-0.013777,-0.006677,0.004412,-0.011458,-0.003933,0.014157,-0.003659,-0.00293
2023-09-21,-0.002513,-0.001971,0.005024,-0.008825,0.008736,0.003571,0.002812,0.000375,0.014914,0.006542,0.006176,-0.00518,0.012314,0.020601,-0.003302,-0.009786,0.012533,0.002766,0.004438,0.004218
2023-09-22,0.017762,0.014305,0.033636,0.002034,0.013238,0.001102,-0.000346,0.006693,-0.002091,0.001973,0.017275,-0.011079,0.007426,-0.004706,0.013355,-0.01069,-0.02309,-0.012604,-0.013567,-0.005605
2023-09-25,-0.012534,0.003816,-0.011809,0.003256,-0.007968,0.012838,-0.001523,-0.006276,0.002424,-0.017139,0.004263,-0.007658,-0.001095,0.000627,0.008213,-0.002042,-0.003932,-0.008589,0.008255,-0.008085
2023-09-26,-0.0212,0.018481,-0.007933,-0.004687,0.005491,0.003052,0.000702,0.000977,-0.00298,-0.011926,0.021386,0.015478,-0.001376,-0.002433,0.000446,-0.013263,0.019793,-0.01184,0.011641,-0.000671
2023-09-27,-0.027764,-0.000616,0.009459,-0.009087,0.001441,0.006099,-0.003577,0.002325,-0.018036,0.004805,-0.023575,0.013149,-0.015809,0.007011,-0.021777,-0.009515,0.011793,0.010682,-0.011233,0.014116
2023-09-28,-0.008703,0.003643,0.00131,-0.004514,0.010512,0.000788,0.015596,0.002222,0.011888,0.019665,0.00179,-0.002557,0.010463,0.00881,0.001394,0.007839,-0.004786,-0.012547,0.011738,0.007047
2023-09-29,-0.003213,-0.015809,0.01417,-0.000308,-0.002755,-0.003771,0.00824,0.014684,0.004028,0.001171,0.000165,0.003156,0.005453,-0.015008,0.013753,-0.008482,-0.003789,-0.010125,-0.000339,0.013838
2023-10-02,0.003625,0.004037,-0.012384,0.010048,0.012108,0.003478,-0.010436,0.003037,0.008635,0.004247,0.008548,0.00418,0.011505,-0.004377,0.005274,0.007512,0.005066,-0.010205,-0.022151,0.009907
2023-10-03,0.025556,0.011064,0.007851,-0.013659,0.010538,0.009965,-0.000608,0.024723,-0.012247,0.009071,-0.002703,0.009481,0.017036,0.000617,-0.014979,0.015863,-0.010916,0.016646,-0.007039,-0.010945
2023-10-04,-0.000846,0.009064,-0.000296,-0.000227,0.018192,0.005293,0.009603,0.01538,0.000837,-0.008229,-0.0003,0.016364,0.011699,0.007256,0.014881,0.019428,-0.00097,-0.007292,0.002616,0.004992
2023-10-05,-0.010593,-0.005231,-0.003282,-0.010808,-0.007797,0.002457,-0.005426,0.001367,-0.009929,-0.018685,0.010564,-0.023665,-0.011128,-0.001282,0.002263,0.003772,-0.009134,-0.006386,0.00951,-0.014144
2023-10-06,0.000448,0.016597,-0.007897,-0.001115,-0.000362,0.003258,-0.010227,-0.004012,-0.002676,0.012336,0.012479,0.002586,-0.001461,0.007461,0.028714,-0.000928,0.015757,0.006332,-0.002129,-0.005626
2023-10-09,-0.000753,0.010365,-0.005228,-0.009099,0.002536,-0.008276,-0.008795,0.007024,0.008414,0.002188,-0.003076,-0.006668,-0.010567,0.010399,-0.014223,-0.00411,0.001899,0.007172,-0.000885,0.000599
2023-10-10,0.001535,-0.016969,0.000448,-0.01004,0.00324,0.000827,0.012592,0.008339,-0.004224,0.013119,-0.01741,0.005694,0.001223,-0.002054,-0.015881,-0.005545,-0.011571,-0.007372,-0.018881,0.000796
2023-10-11,-0.006715,-0.021607,-0.018299,-0.003411,0.002613,0.010986,0.007581,0.004557,0.016957,0.012477,0.011945,0.016812,0.014075,-0.002903,-0.011675,0.012668,-0.000251,0.001093,-0.007992,0.009021
2023-10-12,0.003228,0.003876,0.001358,-0.005787,0.005096,0.007141,-0.001948,-0.004364,-0.003511,-0.015937,0.015325,-0.001417,0.009827,0.001859,-0.01004,0.004711,-0.011103,-0.016983,-0.000128,0.013142
2023-10-13,-0.004713,-0.001032,0.013458,0.002082,-0.007963,-0.003873,-0.003379,0.000503,-0.005705,-0.010714,0.015884,-0.007949,0.000768,-0.011192,-0.000932,-0.007363,0.009892,-0.005832,0.0131,-0.001172
2023-10-16,0.00235,-0.014571,0.014445,0.011934,-0.000436,-0.003991,-0.009506,0.009359,-0.00375,-0.014435,-0.002213,-0.012212,-0.002228,0.001658,0.00583,-0.014492,0.002802,-0.000349,0.004368,0.007859
2023-10-17,-0.005198,0.003064,-0.017278,-0.016708,0.008269,0.001231,0.005795,0.011122,-0.013456,-0.011738,-0.006838,0.001958,0.004339,0.001959,-0.006543,0.01602,-0.003025,0.00513,-0.009451,0.001005
2023-10-18,-0.009153,0.011039,-0.010031,-0.014849,-0.003908,-0.006151,-0.007873,-0.001983,-0.005734,-0.00515,0.006597,-0.012607,-0.013751,-0.004689,-0.010207,-0.009232,0.014179,0.000113,-0.005187,-0.007141
2023-10-19,0.001272,0.015937,-0.004002,0.015495,0.007441,0.005775,-0.0073,0.005717,-0.003451,-0.010626,-0.003937,0.009256,-0.022906,-0.014893,0.018809,0.00627,0.001354,-0.003226,0.000326,-0.014828
2023-10-20,-6.3e-05,0.000734,0.008154,-0.00515,-0.013014,-0.001783,-0.00544,0.005866,0.003815,0.013156,-0.01569,-0.000344,-0.00979,0.002296,-0.021754,0.004985,-5.3e-05,-9.8e-05,-0.00096,0.003226
2023-10-23,0.002684,-0.008188,-0.006386,0.008594,-0.005706,-0.021264,-0.016728,-0.006908,0.010746,-0.016473,-0.00482,0.001223,0.010187,0.00672,0.021813,-0.009022,-0.008215,0.016681,0.022331,0.007273
2023-10-24,-0.002354,-0.012694,0.011827,-0.018376,-0.004015,0.001924,0.015968,-0.001145,-0.00489,-0.00556,0.006759,-0.005392,0.018778,-0.006015,0.017522,-0.007694,0.01095,0.006385,-0.004688,-0.007806
2023-10-25,-0.006172,-0.013212,-0.00022,-0.007415,-0.005604,-0.007044,-0.011532,-0.017559,-0.022841,0.006762,0.008729,-0.003853,-0.017352,-0.000977,-0.00457,-0.00361,-0.00752,0.009191,-0.005366,0.005541
2023-10-26,-0.011327,0.006701,-0.013841,0.003121,0.004128,0.017366,-0.000401,-0.01055,-0.012079,0.00824,0.008966,0.000486,0.000194,-0.009681,0.004986,0.007058,-0.018545,0.002806,-0.011506,0.003467
2023-10-27,0.001473,-0.000445,-0.005971,0.013795,-0.004573,0.017536,0.001903,0.000562,-0.000641,-0.01012,-0.005424,-0.0123,0.005053,-0.022664,0.003834,0.004654,-0.005805,0.006522,-0.003416,-0.008882
2023-10-30,-0.003265,0.021436,-0.012483,-0.009088,-0.00116,0.000479,-0.001285,-0.009089,-0.008317,-0.015606,0.004149,-0.00831,0.00076,0.003442,-0.002718,0.00121,-0.008285,-0.006012,-0.015321,-0.009756
2023-10-31,0.004309,0.00711,-0.021072,-0.013696,0.011897,-0.010956,0.002051,0.001117,0.018636,-0.020161,-0.011292,0.007608,0.001651,0.005662,0.002693,-0.006987,-0.015999,0.007575,-0.004166,-0.006434
2023-11-01,0.005023,0.000123,0.015424,-0.001737,-0.01089,0.012782,0.003356,-0.010143,0.005143,0.005656,-0.005898,-0.009467,0.000791,-0.000899,-0.008062,-0.002033,-0.005799,0.003579,0.009162,0.012256
2023-11-02,0.005714,-8.8e-05,-0.003469,0.003548,-0.016623,0.017262,-0.006121,0.002657,0.001461,0.011674,-0.006194,-0.0009,-0.00952,-0.005747,0.013906,0.024807,0.015143,0.011842,-0.002323,-0.004969
2023-11-03,0.00779,-0.000626,-0.01806,-0.004605,0.011667,0.02555,0.005744,-0.00319,-0.00685,0.007315,0.004777,0.009482,-0.001329,-0.000586,-0.018952,-0.000785,0.001318,-0.00416,-0.002296,0.009571
2023-11-06,-0.019779,0.009063,0.00864,-0.002305,0.004185,-0.006286,-0.000349,-0.001984,-0.000793,0.012194,-0.012315,-0.000633,-0.016803,-0.01433,-0.001359,0.005666,-0.015203,-0.000173,-0.001823,0.013431
2023-11-07,-0.002689,0.001166,0.017366,-0.004687,0.002122,-0.004141,0.018932,-0.004353,0.008485,0.000561,-0.007235,-0.004607,0.021182,-0.006651,0.006229,-0.011032,0.000763,0.004414,0.014339,0.00711
2023-11-08,-0.012748,0.004403,0.02218,0.008081,-0.003387,0.002339,0.008476,-0.00966,0.016512,-0.003863,0.016377,0.006555,0.002067,0.008786,-0.009293,-0.000688,0.004959,0.021535,-0.009537,-0.004069
2023-11-09,-0.002394,-0.013446,-0.014109,-0.011127,0.014568,-0.004409,0.016612,0.005536,0.004109,-0.00713,0.000969,0.011559,-0.009911,0.014331,-0.001611,-0.00176,-0.001686,0.003467,0.008437,0.003565
2023-11-10,-0.004373,0.011481,0.007795,0.01609,-0.001226,0.005225,0.002049,0.014469,0.012375,-0.005513,0.000645,0.001545,-0.012262,-0.002081,0.011066,0.007033,0.002113,-0.009988,0.00528,-0.00185
2023-11-13,-0.005542,-0.009963,0.010924,0.004231,-0.000688,-0.004568,0.013111,-0.007336,0.007356,-0.003574,-0.0073,0.002929,-0.006794,-0.002883,-0.009619,-0.017237,0.005902,-0.006102,0.001079,-0.015233
2023-11-14,0.00194,-0.010383,-0.022547,-0.012755,-0.006469,0.004871,-0.005664,-0.00531,-0.01846,-0.005221,0.004747,0.005031,0.009207,-0.000145,-0.005806,-0.016018,0.007408,-0.008301,-0.010763,-0.007998
2023-11-15,-0.007708,-0.001377,0.013666,0.004491,-0.018334,0.000384,0.003639,-0.001508,0.009809,0.018685,0.002204,-0.004218,0.001854,0.010414,0.000288,-0.002859,-0.00199,0.019237,-0.005327,0.002288
2023-11-16,0.014909,-0.000721,-0.000977,0.001897,0.01305,0.007209,0.001333,0.001685,0.005208,-0.013582,-0.017664,-0.015731,-0.002615,0.003371,-0.007601,0.003752,0.005748,0.003447,0.009531,-0.002044
2023-11-17,-0.015219,0.016057,0.002504,0.008269,0.002963,-0.002422,0.002919,0.00937,-0.017053,-0.00782,0.010773,-0.013071,-0.003682,-0.016167,-0.011821,0.003021,-0.003167,-0.011162,0.020365,-0.011969
2023-11-20,-0.006224,-0.007091,0.003545,0.013384,0.006677,0.000813,-0.008364,0.01009,-0.012524,-0.016907,-0.014382,-0.019762,-0.010789,0.009127,0.007278,0.003914,0.000251,0.006797,-0.000521,0.01069
2023-11-21,0.019684,-0.007719,-0.011142,-0.000701,-0.014101,0.010117,-0.005036,-0.003164,0.001199,0.00028,0.021088,-0.001478,-0.032345,0.001875,0.004457,0.003665,-0.007303,0.000865,-0.010457,0.016564
2023-11-22,-0.00316,0.005486,-0.005131,0.013454,0.000712,0.006867,0.00516,0.005568,0.004841,0.002262,0.006907,0.008965,-0.016219,0.008306,-0.007558,0.008019,0.011277,-0.004471,0.000214,0.001303
2023-11-23,0.005695,0.006242,0.006574,-0.004391,-0.005284,-0.009853,-0.00032,0.007944,0.004652,0.007064,-0.00069,-0.004069,-0.007143,0.005093,-0.014752,-0.016229,-0.004424,0.005927,-0.006536,-0.001048
2023-11-24,0.00565,-0.018631,-0.010281,-0.019672,-0.007235,-0.012953,0.004805,0.009382,-0.008194,0.022019,-0.009957,-0.001522,0.014736,0.007622,0.014332,-0.004885,-0.012177,-0.013832,0.011368,0.008779
2023-11-27,-0.003816,0.003257,0.00596,-0.000242,0.021666,0.001766,-0.004306,0.00978,-0.018136,0.005724,-0.016077,-0.0046,-0.011739,0.010041,-0.004631,-0.009612,0.0023,0.020878,-0.010378,0.008431
2023-11-28,0.01147,0.017735,0.002007,-0.014914,0.000983,0.000983,0.002407,0.017026,-0.012875,-0.001664,0.008379,-0.010964,-0.006143,-0.008396,-0.002134,0.004258,-0.006827,0.004909,-0.002978,-0.005003
2023-11-29,-0.003033,0.011604,0.009483,0.011519,0.01919,-0.010396,0.010546,-0.001425,-0.010862,-0.001552,-0.003692,0.017101,-0.001633,0.007518,-0.00689,-0.006628,-0.010021,0.010235,0.000198,-0.001628
2023-11-30,-0.014914,-0.002823,-0.009422,-0.00662,-0.017676,0.00358,0.015141,-0.001428,-0.002028,0.023883,-0.006936,-0.010808,-0.013985,-0.009223,0.004259,-0.007275,-0.005836,-0.005023,-0.006469,0.012815
2023-12-01,0.009826,-0.004718,-0.005471,0.005945,0.010897,-0.007428,-0.007791,0.002478,-0.016449,0.007369,0.005582,0.002251,0.003609,0.009435,-0.012578,0.01246,0.008873,-0.011819,-0.006544,0.017738
2023-12-04,-0.012566,0.009652,-0.006013,0.012358,0.009651,0.005671,0.009884,-0.005426,0.009688,-0.003464,-0.012036,-0.001771,0.007246,0.004181,0.015612,0.019166,0.001375,-0.006097,-0.009609,0.011431
2023-12-05,-0.004594,-0.008348,-0.009443,0.002133,-0.009871,-0.014042,-0.006094,-0.023636,0.00505,0.002085,0.017795,0.007694,0.002589,0.006632,-0.00419,-0.020598,-0.015252,0.003564,0.000347,0.008158
2023-12-06,0.001388,0.010888,-0.014641,0.018027,-0.001139,0.001614,0.0144,-0.007193,-0.012414,-0.009668,0.00691,-0.007076,0.023816,0.030916,-0.010382,0.001814,0.00187,-0.002866,0.004987,-0.00122
2023-12-07,-0.01765,0.022873,-0.024463,0.005165,-0.005985,0.007774,-0.011017,0.002089,-0.014502,-0.002314,0.000413,0.003911,-0.007124,-0.003565,-0.003264,-0.002649,-0.001896,0.006314,0.000405,0.010888
2023-12-08,0.006414,0.004893,0.015067,-0.018299,0.017542,-0.005783,-0.02108,0.012145,0.010359,-0.001859,-0.003736,-0.015924,-0.015476,0.001057,0.016011,0.000128,0.003206,-0.009464,-0.001763,-0.003802
2023-12-11,0.000508,-0.007751,-0.00741,-0.011413,0.011498,-0.002059,0.003868,-0.004666,0.015371,0.007942,0.002278,0.020288,0.003706,0.009089,0.003732,0.001461,0.013501,-0.004514,-0.001786,0.008355
2023-12-12,-0.002017,-0.004751,-0.013429,0.0004,0.001241,0.028115,-0.013219,0.004692,-0.011157,0.004708,-0.008212,0.005272,-0.005508,-0.011327,0.012405,-0.001576,0.00228,-0.003849,0.003323,0.007031
2023-12-13,-0.018269,0.001719,-0.015872,-0.002632,-0.002551,-0.00442,-0.001532,0.005103,0.003986,0.006286,-0.011382,-0.013257,-0.014123,0.004563,0.012183,0.000603,-0.018003,-0.001064,-0.008087,-0.006538
2023-12-14,0.00138,-0.006545,-0.007268,-0.005317,0.016583,0.006985,0.010926,-0.011671,-0.011884,-0.005962,0.013219,-0.013136,-0.011259,-0.020123,-0.003249,0.006033,0.005905,-0.024899,-0.014013,-0.003502
2023-12-15,0.006972,0.001434,-0.010857,0.003434,0.008671,-0.010665,-0.004858,0.009337,0.011493,-0.017501,-0.004675,-0.007033,-0.000117,0.009066,-0.01291,-0.017442,-0.00686,-0.003135,-0.015886,0.001997
2023-12-18,-0.00243,0.000127,-0.012033,-0.008061,-0.005806,-0.007958,-0.009776,0.002331,0.006721,-0.01059,-0.014471,-0.002952,0.005729,-0.006914,-0.005335,0.005923,-0.005271,-0.010975,0.000975,-0.018647
2023-12-19,-0.005473,0.006579,0.007698,-0.006645,0.000838,-0.000839,0.000506,-0.003037,-0.005765,0.005678,-0.009546,-0.003241,0.002684,-0.003368,0.021771,0.012297,-0.004066,-0.002029,0.001368,-0.027141
2023-12-20,-0.005657,-0.023022,0.002264,-0.004152,0.01711,-0.005756,-0.00767,-0.010267,0.016275,-0.001084,0.013402,-0.003126,-0.016139,-0.008665,0.00954,0.015602,0.009236,0.000339,0.000312,-0.005278
2023-12-21,0.003256,0.002636,-0.013413,-0.008175,-0.00305,0.002553,0.012883,0.015285,0.00592,-0.000174,0.000503,-0.001007,0.016301,-0.003922,-6e-06,0.000956,0.009749,-0.001667,0.003047,-0.003556
2023-12-22,0.018762,-0.000944,-0.004053,0.011228,-0.017946,0.012362,-0.014063,0.003528,0.00951,-0.011806,0.005175,-0.006749,-0.001231,0.000548,-0.006259,-0.007569,-0.004039,0.007695,-0.006319,0.011818
2023-12-25,0.026891,-0.00023,0.007868,0.007494,0.00202,0.003929,0.010988,-0.002061,0.006899,-0.014424,0.00967,0.008216,0.00274,-0.01012,-0.005202,-0.010305,-0.003423,-0.010529,-0.004069,-0.003597
2023-12-26,0.009185,0.006225,0.014079,0.006842,0.009047,0.005616,0.015878,0.004725,-0.010822,0.009701,-0.011624,-0.001372,0.001265,0.013023,-0.000853,-0.009397,-0.003337,-0.009208,0.004964,-0.004774
2023-12-27,0.004543,0.011365,-0.001759,0.007244,0.0079,-0.028586,-0.009816,-0.003473,-0.012799,0.005273,-0.014262,-0.008664,-0.000529,-0.0151,-0.001374,0.010831,-0.025371,0.005075,-0.014975,-0.013681
2023-12-28,-0.000265,0.004536,-0.001572,0.00783,0.000123,-0.004825,0.00139,-0.003009,0.001747,0.005685,0.020443,0.011092,0.002549,-0.006205,0.019149,0.007829,-0.003837,0.002715,-0.013715,0.008344
2023-12-29,-0.002244,0.00883,-0.0002,0.002695,0.012848,-0.004642,0.005354,0.000453,0.020872,0.00155,0.014529,-0.010649,-0.001533,-0.001995,-0.001114,0.002134,0.004634,-0.005214,0.002202,0.020346
2024-01-01,0.002958,-0.014719,0.002046,-0.001798,0.012206,-0.000579,0.006078,0.009251,-0.002853,0.029476,0.009499,-0.009641,-0.010728,0.002014,0.007414,0.001372,-0.008391,-0.003135,-0.007922,0.011844
2024-01-02,-0.00203,0.010377,0.005289,0.00688,-0.000398,-0.003088,-0.005095,-0.004513,-0.013635,-0.007561,0.007265,0.015747,-0.010872,-0.000271,0.007883,0.004364,0.016934,0.011976,-0.001297,0.004348
2024-01-03,-0.011361,-0.0035,-0.003239,-0.001088,-0.011323,0.009059,-0.004251,-0.010066,-0.026409,-0.01238,-0.013391,-0.004195,0.019839,-0.014587,0.015026,-0.001084,-0.00998,0.003581,-0.010956,0.005414
2024-01-04,0.002963,-0.003587,0.000863,0.005216,-0.002202,0.001058,-0.01429,-0.021373,-5.4e-05,-0.009698,-0.000145,-0.006419,0.004628,-0.011098,0.001384,0.007609,0.005031,-0.005408,-0.007856,0.010606
2024-01-05,-0.003766,-0.003346,0.00069,-0.003901,-0.012192,0.023281,0.004885,-0.020555,-0.003382,0.000859,0.007134,0.000727,-0.011118,-0.006462,0.003093,0.009665,0.002173,-0.003368,0.008774,0.013203
2024-01-08,0.001063,0.004787,0.003226,0.011096,-0.009584,0.004575,-0.007787,-0.006127,-0.006307,0.002448,0.003633,0.00733,-0.011499,-0.013649,-0.000894,-0.000596,0.009129,0.003753,-0.007652,0.012741
2024-01-09,-0.010963,-0.007997,0.018529,0.004431,-0.020635,0.003672,0.001092,0.005535,-0.01367,-0.004131,-0.015026,-0.004477,-0.000377,0.004274,-0.014179,-0.002349,0.011733,-0.002909,0.011062,0.006162
2024-01-10,-0.018491,0.001744,0.005448,-0.007966,0.005058,0.005897,-0.020488,-0.008771,-0.005153,0.006007,-0.002498,-0.002957,-0.001252,-0.006742,-0.002689,0.015588,0.003444,0.010594,0.019328,0.002712
2024-01-11,-0.007795,0.003069,-0.003148,0.013103,-0.000297,-0.010163,-0.002906,0.006723,-0.00415,-0.014677,-0.011357,-0.005177,-0.001057,0.000473,-0.000502,0.010365,-0.007282,-0.000344,-0.002881,0.000311
2024-01-12,-0.017069,-0.007073,-0.019662,0.011322,0.011792,-0.005189,0.015238,-0.004061,-0.011479,0.000219,0.013661,-0.008021,-0.010507,0.00868,0.001297,-0.008388,0.016833,0.009304,-0.002435,-0.003475
2024-01-15,0.002425,0.001022,-0.010803,-0.000902,0.011226,-0.000752,-0.014099,-0.000204,-0.006905,-0.005263,0.003253,0.00497,-0.009457,0.008729,-0.005694,0.027788,0.005886,-0.003827,-0.00724,0.003538
2024-01-16,0.005649,0.005982,0.010581,0.017423,-0.010925,-0.014095,0.00921,-0.002771,0.006616,0.001658,-0.013941,-0.012962,0.008933,-0.023095,0.012025,-0.001408,0.003914,-0.015812,0.008515,-0.006126
2024-01-17,-0.026671,0.011131,-0.015622,0.0018,-0.000457,0.002253,0.00327,-0.002778,0.004176,0.010673,0.009638,0.006411,-0.005566,0.002409,-0.008883,-0.00304,-0.015565,0.009423,0.01147,0.002136
2024-01-18,-0.00763,0.023783,-0.015385,-0.010875,-0.010223,0.000944,-0.0061,0.00238,0.013561,0.00137,0.004136,-0.010813,0.00552,0.002968,0.015449,-0.013275,0.02318,0.013945,0.006557,0.0035
2024-01-19,0.004117,0.011262,0.000426,0.00662,0.000223,0.005964,0.00054,0.00873,0.002294,0.000915,0.013411,-0.004071,0.007993,0.011744,0.001261,0.000933,-0.009576,0.004888,-0.000756,0.004167
2024-01-22,-0.010072,0.007461,0.02321,-0.008619,0.000291,0.015267,0.005767,-0.004552,0.004282,-0.004174,-0.007938,-0.006521,-0.004591,-0.017505,0.006656,0.002899,0.008889,0.005695,-0.002285,-0.009851
2024-01-23,0.001368,0.001485,-0.005241,0.004814,-0.006859,0.001288,0.00946,0.009268,0.004655,0.02303,0.005006,0.013048,-0.005413,0.022481,-0.008265,0.007512,0.019582,0.00649,0.001378,-0.008897
2024-01-24,-0.001144,-0.007935,-0.001129,0.013788,0.018009,-0.001864,-0.014841,0.005129,0.022992,0.014211,0.008577,0.007932,0.010898,-0.009747,-0.002273,0.005338,-0.004839,-0.016209,-0.017531,0.012399
2024-01-25,-0.002587,0.00321,0.003263,0.003759,-0.005581,0.00221,0.012565,-0.004637,-0.005995,-0.004089,0.000886,0.015582,-0.006936,-0.009642,-0.006816,0.001811,-0.003026,0.014931,-0.013306,0.017003
2024-01-26,-0.010476,0.004228,0.002653,-0.002692,-0.006204,0.011626,-0.000158,-0.005223,0.008619,0.004328,0.00057,-0.007499,-0.002295,0.011066,0.006786,0.019858,0.013009,0.003113,-0.006539,0.012501
2024-01-29,-0.014146,-0.018228,-0.005516,-0.003522,-0.016197,-0.020154,0.006592,-0.005516,0.00454,-0.000325,-0.002432,0.005362,-0.001825,0.008742,-0.010545,-0.008546,-0.009414,-0.003387,0.017451,-0.018782
2024-01-30,0.015565,0.008223,0.009024,-0.007536,-0.0044,0.005324,-0.0094,0.000572,-0.010331,0.015861,0.007588,-0.006587,-0.000691,0.003376,-0.006047,-0.006105,0.015776,-0.007021,0.028094,-0.00611
2024-01-31,-0.016384,0.015292,-0.001974,-0.012951,-0.004331,0.010405,-0.002957,0.014599,0.008993,0.002315,0.000482,0.000266,-0.004403,0.011717,-0.002322,-0.013474,-0.007176,0.011694,0.003087,0.00717
2024-02-01,-0.008774,0.004226,0.005903,-0.019477,0.001041,-0.012948,0.014691,-0.011527,0.011879,0.005674,-0.020361,0.005712,0.004754,0.002482,-0.009872,0.017904,-0.006995,-0.004976,0.006461,0.008287
2024-02-02,-0.004769,0.009205,0.000726,-0.005502,-0.001363,-0.006551,-0.00103,0.003556,0.015696,0.003101,0.001567,-0.007955,0.01292,0.006398,0.008477,0.014603,0.006968,0.008808,-0.008461,-0.010734
2024-02-05,-0.008602,-0.008687,-0.002956,-0.008611,0.002854,0.014066,-0.012229,0.000898,-0.017165,-0.006291,0.01014,-0.01319,0.008399,0.00591,0.004024,0.004468,0.003323,-0.023271,0.002344,0.004602
2024-02-06,0.020324,-0.001593,0.001048,0.008027,0.023467,-0.005898,-0.001215,0.013394,0.009543,-0.015078,0.015685,0.009928,0.001459,-0.020335,-0.001971,0.008928,0.001687,-0.015426,-0.001731,-0.007865
2024-02-07,0.001875,0.004857,0.010503,-0.006697,-0.004965,0.006273,0.01905,-0.029465,0.015766,-0.003861,-0.005171,0.007509,0.010467,-0.008942,0.011527,-0.004053,-0.000394,0.004783,-0.002809,-0.003028
2024-02-08,0.006625,-0.010072,-0.024535,-0.005765,-0.001803,0.014543,0.008794,0.01772,0.001674,-0.014646,-0.013082,0.009551,-0.003588,-0.00447,-0.003032,0.008835,-0.002855,-0.006372,-0.002537,-0.010136
2024-02-09,-0.013736,-0.003542,-0.006652,-0.002612,0.00456,0.015457,0.00129,0.00524,0.018396,-0.000895,0.002845,0.006303,-0.005072,-0.013057,-0.004344,0.012045,-0.010606,0.021387,0.006845,-0.006595
2024-02-12,-0.002257,0.012008,0.006629,-0.003618,0.010584,0.013587,-0.000306,-0.005219,-0.022555,0.000253,-0.019291,-0.006665,0.01805,0.001249,0.008934,0.007816,-0.008143,0.011302,-0.008384,-0.012591
2024-02-13,-0.003409,-0.01078,-0.006168,0.003257,-0.017476,-0.005438,-0.001693,0.002638,-0.008954,0.001584,-0.000396,-0.013728,-0.010339,0.019412,0.002523,0.010486,0.015791,0.004208,-0.0027,0.004213
2024-02-14,0.007162,-0.010222,0.024927,0.007104,0.003648,0.006082,0.002262,0.007601,0.003654,0.011865,-0.011594,0.005719,0.000559,0.00198,0.000122,0.00857,-0.004451,0.009232,0.001562,0.004945
2024-02-15,-0.006352,0.004337,0.011814,0.001226,0.001669,0.00545,0.007457,0.013164,-0.002879,-0.00013,-0.00168,-0.009076,0.002456,-0.003977,0.018076,-0.006713,-0.00736,-0.00917,0.020947,0.005629
2024-02-16,-0.000163,0.012459,-0.002716,-0.002831,0.001559,-0.02175,-0.011712,0.002794,-0.0039,-0.014104,0.00203,0.008538,-0.012562,0.008619,0.004199,-0.007621,0.015449,0.008377,-0.01092,-0.000656
2024-02-19,0.007157,0.01018,0.007671,0.014196,-0.000416,0.024973,-0.007436,-0.009575,-0.003527,0.008251,-0.012713,0.011275,0.013387,-0.014798,0.005565,0.003372,-0.002797,0.007098,0.033869,0.002538
2024-02-20,0.006358,0.005664,-0.011595,-0.010961,-0.01085,0.009448,0.012728,-0.00351,-0.006564,-0.016467,0.002684,0.005255,0.00689,-0.013231,0.013055,0.000791,0.007019,-0.003567,0.000562,0.010413
2024-02-21,-0.006972,0.000236,0.010699,-0.006765,0.010158,-0.005042,0.009938,0.010493,0.013131,0.008678,-0.006168,0.011276,-0.002762,-0.019021,0.002326,0.014903,-0.005431,0.000713,0.008329,-0.011494
2024-02-22,-0.004501,-0.017888,-0.01563,0.010855,-0.003996,-0.015692,-0.002594,-0.007809,0.00278,0.014295,0.000511,-0.021507,-0.002092,-0.015285,0.004002,0.004049,0.003549,0.005462,-0.00976,0.002334
2024-02-23,0.001384,-0.00988,-0.00264,0.01008,-0.004652,-0.003064,-0.027082,0.010627,0.006143,-0.011104,-0.009329,0.018959,-0.007976,-0.007367,0.01116,-0.009327,0.009281,-0.003569,0.000493,0.009437
2024-02-26,0.009556,0.00522,-0.012135,0.010528,0.001271,-0.00099,-0.005395,0.011748,0.004038,0.006599,-0.015347,-0.010721,0.004483,-0.004814,-0.008242,-0.000818,-0.000819,0.007403,0.013547,0.014836
2024-02-27,-0.000174,0.023043,0.002473,-0.007878,0.004776,-0.00359,0.011733,-0.003611,-0.002472,-0.007021,-0.015087,-0.003307,0.008373,-0.002687,0.011753,-0.015195,0.004284,0.00221,0.015471,0.013774
2024-02-28,0.010745,-0.007795,-0.007521,-0.002704,0.007568,-0.002907,0.007708,-0.003003,-0.011301,-0.009367,0.014384,0.006619,-0.015264,-0.006695,0.007253,0.009606,0.010841,0.001991,0.006713,0.009279
2024-02-29,0.005996,0.013133,0.006362,0.010554,0.002382,-0.01149,0.000739,0.0073,0.001121,0.019039,0.005906,0.008217,0.002046,0.012533,0.017369,0.021978,0.004303,0.002131,-0.004349,-0.003104
2024-03-01,-0.01072,0.004762,-0.007437,0.005985,0.001302,-0.021091,0.015298,-0.007954,0.010158,0.003869,0.002461,-0.002314,0.018362,0.006342,0.003565,0.000806,-0.007613,-0.004006,-0.0087,-0.000224
2024-03-04,0.018209,0.019617,-0.002224,-0.007387,-0.006259,0.015547,0.00197,-0.007867,-1.4e-05,0.010639,0.00508,-0.007984,-0.000977,0.002889,-0.010876,-0.001335,0.020318,0.001015,0.018198,0.008808
2024-03-05,0.002131,0.00052,-0.010685,0.004351,-0.004718,0.00669,-0.008594,-0.005995,-0.005097,0.009426,0.003544,0.001598,0.004989,0.000834,-0.012517,-0.002516,-0.004912,0.018957,0.000908,-0.003666
2024-03-06,0.012599,0.005996,-0.00621,-0.008235,0.016252,-0.023285,0.017569,0.012023,-0.00494,-0.010035,0.00054,0.006142,-0.006645,0.005638,0.00114,0.000372,-0.004712,-0.010142,-0.007478,-0.000587
2024-03-07,-0.003349,-0.01743,0.014217,0.008524,-0.011215,0.009167,0.000786,-0.000862,-0.013336,-0.005667,-0.001985,-0.006858,0.006842,-0.011229,-0.001752,-0.001544,-0.014942,0.023162,0.000363,0.006998
2024-03-08,0.006725,-0.005414,0.003857,0.00284,-0.010573,0.003338,0.010429,0.0079,-0.013262,0.008761,0.020443,0.012087,-0.004288,-0.018766,0.000413,-0.014459,0.002321,-0.0108,0.003543,-0.00036
2024-03-11,0.014824,0.003727,0.00456,0.008221,0.00219,0.002153,-0.007995,-0.008455,0.004367,-0.005264,0.011141,-0.01142,0.000852,-0.005479,0.00911,-0.000449,-0.008743,0.009607,0.000625,-0.014531
2024-03-12,-0.009021,-0.006229,0.000758,-0.005784,-0.009979,0.00495,0.003468,-0.018224,-0.006199,0.002112,0.005648,-0.013399,-0.006633,0.01521,0.002418,0.012853,-0.028464,0.01951,-0.005064,-0.009955
2024-03-13,0.001174,0.003861,0.011832,-0.006923,0.006765,0.007917,0.007985,-0.011039,-0.01087,0.002821,0.004672,0.0113,0.001362,0.006719,0.001047,0.001869,-0.005135,-0.002043,0.013989,-0.002067
2024-03-14,-0.001703,-0.000454,-0.000373,-0.007085,0.022582,-0.015391,-0.01573,0.005723,-0.019806,-0.008595,0.001348,-0.000531,0.011496,0.002119,0.002319,0.002879,-0.006597,0.005354,-0.002613,0.010734
2024-03-15,0.004878,-0.011795,-0.000579,0.007895,-0.009443,-0.006125,0.01215,-0.010866,0.007894,0.001166,0.002135,-0.032832,-0.006926,-0.001455,0.005193,-0.010679,0.005486,0.012858,0.01371,0.005842
2024-03-18,-0.014692,-0.01808,0.007664,0.020317,-0.004614,-0.00981,-0.002895,8.1e-05,-0.012178,0.001536,0.01097,-0.000614,-0.008583,0.013489,-0.018133,0.017039,0.00162,-0.002588,0.005868,-0.023488
2024-03-19,-0.009895,-0.016259,-0.005021,-0.003772,0.009245,0.002788,-0.001683,-0.007627,0.010429,-0.020613,0.002508,0.026676,0.002643,0.000793,0.00661,-0.000963,-0.021833,-0.007396,0.011496,-0.022302
2024-03-20,0.000781,-0.002671,0.010562,0.000928,-0.004219,-0.009847,0.013819,0.01045,0.014938,-0.009369,-0.007583,-0.006504,0.017551,-0.008788,-0.002304,0.002844,0.007165,-0.011339,0.012438,0.011532
2024-03-21,-0.00974,0.028618,0.011378,0.004701,-0.007562,0.015658,9.5e-05,-0.020422,-0.000385,0.00363,0.006033,0.00236,-0.003078,0.006585,0.002279,-0.001058,0.020506,-0.02131,-0.01102,-0.011161
2024-03-22,0.00084,0.008178,0.003103,-0.00683,0.007116,-0.019615,0.000901,0.003144,-0.009549,-0.011787,-0.001911,-0.000121,-0.00396,-0.002743,0.016353,0.010333,-0.011529,0.00336,0.00064,0.003771
2024-03-25,-0.003502,-0.008667,-0.006376,-0.000113,-0.002911,0.009897,-0.012823,-0.006801,-0.004072,0.017068,0.014487,0.008291,0.000445,0.008337,0.019729,0.0004,0.007223,-0.014067,-0.003055,-0.002224
2024-03-26,0.008572,-0.001922,-0.003291,-0.009011,-0.009048,-0.004413,-0.003229,-0.006193,-0.0021,0.00544,-0.00481,0.00302,0.012276,0.000186,-0.000673,0.002117,0.00283,-0.007199,-0.003853,0.004079
2024-03-27,0.014759,0.005275,0.006716,-0.008072,0.000284,-0.02313,0.019053,-0.023527,0.000414,0.007569,-0.001816,0.013624,0.003448,-0.011858,-0.007845,0.008,0.001357,0.00822,-0.003063,0.002886
2024-03-28,-0.025841,-0.007719,0.013493,-0.005583,-0.002323,0.007919,0.008668,0.002432,0.00284,0.006653,-0.000129,0.004537,-0.003213,0.009369,-0.009848,-0.000233,-0.013346,-0.008622,-0.018975,0.001708
2024-03-29,0.011508,0.001199,-0.020116,0.020527,0.013778,-0.008244,0.016344,0.000906,0.015114,-0.000942,0.002956,0.004283,0.010478,-0.003002,0.004836,0.010374,-0.017246,-0.022942,-0.001756,-0.00551
2024-04-01,-0.001361,-0.00737,-0.005456,-0.002241,-0.017126,0.000402,0.019801,-0.006716,-0.007255,-0.022158,0.009248,0.009418,0.002867,-0.00191,0.003179,0.008942,0.004525,0.010057,0.006957,0.004697
2024-04-02,0.002015,-0.007256,-0.021772,-0.007507,0.009509,0.011673,0.008109,0.01764,-0.001672,-0.00412,-0.004598,0.012577,-0.003393,-0.005455,0.008607,0.002549,-0.009802,-0.000925,-0.002704,-0.007415
2024-04-03,-0.007631,0.001824,0.00725,0.00668,-0.007746,0.001085,0.007246,-0.009142,-0.016082,-0.00412,0.016132,0.006607,0.00779,0.001563,0.013575,-0.000691,0.007818,0.001829,-0.002267,0.000981
2024-04-04,-0.00752,-0.005655,-0.00306,0.003527,-0.018216,-0.013312,0.012697,0.011924,-0.006311,-0.002969,-0.014494,0.007495,-7.9e-05,0.008824,-0.020656,-0.006933,-0.013786,-0.00566,0.007847,-0.019676
2024-04-05,-0.012021,-0.012692,-0.008046,0.00211,-0.002534,-0.022609,0.006912,0.002754,0.011704,0.005183,0.002567,0.014372,0.009666,0.005939,-0.001681,0.015287,0.017481,-0.004138,-0.008075,-0.024964
2024-04-08,0.016465,-0.003205,-0.002262,-0.012314,0.009982,0.000924,-0.005817,-0.007667,-0.002771,-0.01072,-0.002708,-0.002707,0.005568,0.004741,0.000872,0.004261,0.011027,0.00811,0.014488,-0.010291
2024-04-09,-0.00399,-0.025934,0.008237,-0.030054,-0.014157,0.009348,0.007431,-0.003727,0.012472,0.000522,0.006686,-0.003227,0.008096,-0.003044,-0.007065,-0.007781,-0.004765,0.011158,0.01816,-0.001608
2024-04-10,0.001409,0.006871,-0.005473,0.004001,0.02629,0.002428,-0.013033,-0.004816,0.00894,-0.010568,0.000826,-0.011,0.017306,-0.005475,-0.003058,0.006669,0.012352,5.4e-05,-0.003273,0.001596
2024-04-11,0.007554,0.009175,0.001818,-0.010968,0.000789,0.006183,-0.001628,0.004442,-0.001589,-0.004512,-0.012197,-0.00391,-0.004913,-0.005674,0.002685,9e-05,-0.007688,-0.00393,-0.008567,0.005562
2024-04-12,0.003232,-0.001061,-0.002603,0.000596,-0.003874,0.001957,0.000252,-0.002816,-0.004737,-0.003103,0.005065,-0.004502,-0.014112,-0.010821,-0.006151,0.006375,-0.009342,-0.002546,-0.005301,0.001566
2024-04-15,-0.00577,-0.008264,0.01935,0.00631,0.0121,0.012138,0.013318,0.017394,-0.00863,0.003816,0.00571,0.000121,-0.000322,0.002501,0.004158,-0.001794,0.007269,-0.002487,0.003545,0.002853
2024-04-16,0.001886,0.001059,0.007213,-0.015625,-0.009466,-0.004179,-0.002669,0.003884,-0.005248,-0.006817,0.004088,0.009811,-0.005917,0.000583,-0.001793,0.006955,-0.011742,0.004671,-0.016591,0.005837
2024-04-17,0.005669,-0.00434,-0.000117,0.020426,0.014094,0.009871,0.010578,-0.005386,-0.002355,0.001224,0.00554,0.012234,0.003299,-0.003949,-0.002533,0.017007,0.000415,0.005331,0.001869,0.005263
2024-04-18,-0.003853,-0.001444,0.004038,-0.008562,0.0014,-0.015182,-0.007411,0.013726,-0.009882,-0.002151,0.014654,-0.020168,-0.005269,0.010891,-0.002696,-0.015564,0.007835,-0.002584,-0.000872,-0.003749
2024-04-19,-0.001699,-0.001607,0.005733,0.003247,-0.003686,0.017666,0.001894,-0.002269,0.000415,-0.005775,-0.002056,-0.021486,0.015657,0.016006,-0.013762,0.01268,0.001497,0.004385,0.003996,0.00523
2024-04-22,-0.012538,0.001666,-0.010188,0.006469,-0.000302,0.011353,0.001291,-0.004885,-0.017131,0.001215,-0.011755,0.000832,-0.004168,-0.018861,0.003862,0.011901,-0.005653,-0.017328,-0.008169,-0.027906
2024-04-23,-0.007207,0.009385,-0.000576,-0.004256,0.016227,0.010257,0.014522,-0.013232,-0.0098,-0.007538,-0.004225,-0.00064,0.015475,0.000613,-0.001401,-0.003578,0.000496,-0.005458,-0.002689,0.004825
2024-04-24,0.001774,-0.011297,-0.004473,0.01203,0.010734,0.008644,-0.000432,-0.001349,0.025662,0.001085,1.3e-05,-0.003667,-0.008289,-2.4e-05,-0.008487,0.00582,0.002693,0.00121,0.003097,0.010054
2024-04-25,0.022217,0.012244,0.025473,-0.000595,-0.008223,4e-06,-0.002497,0.014805,0.010057,-0.00637,-0.002397,0.024292,0.003641,-0.025347,0.024241,-0.000379,-0.005851,-0.007988,-0.004228,-0.006827
2024-04-26,-0.008685,-0.002154,-0.003759,0.003044,-0.002552,0.00095,-0.003593,-0.012718,-0.00158,-0.0029,0.004218,0.00465,-0.001961,0.014297,-0.001891,0.010348,0.004311,-0.019439,0.008982,-0.017378
2024-04-29,-0.003249,-0.021755,0.005686,-0.010131,0.000698,0.00599,0.008559,0.007817,-0.013695,-0.001914,0.012089,0.011952,-0.001473,-0.012555,0.009883,0.003809,-0.001137,0.001617,-0.000991,0.003104
2024-04-30,0.011374,-2.9e-05,0.005768,0.016369,-0.019286,-0.010009,-0.013822,-0.013417,0.019393,0.007393,-0.005817,0.002484,-0.011461,-0.014715,-0.012446,0.018939,0.000931,0.010353,0.014974,-0.003917
2024-05-01,0.009537,-0.000172,0.015979,0.015067,-0.007098,0.011511,0.018478,-0.003507,-0.001866,0.013136,-0.016142,0.006149,-0.006808,0.000386,-0.012001,-0.006935,-0.002566,0.002537,0.005975,0.005823
2024-05-02,-0.006144,-0.007069,0.00974,-0.014964,0.002313,0.008823,-0.007867,-0.014755,-0.013336,0.002148,-0.005514,0.011197,0.008658,0.006365,0.017773,-0.01453,-0.009074,-0.018777,0.007986,-0.010805
2024-05-03,-0.010813,0.017003,-0.006445,0.001571,0.011808,-0.012386,-0.007641,-0.006141,-0.004351,-0.004692,0.010953,0.01233,-0.006374,0.000929,-0.00464,0.007028,0.004158,-0.011903,0.005286,0.010387
2024-05-06,-0.000589,-0.002752,0.000637,-0.006974,-0.000239,0.012057,-0.009004,-0.007894,0.018786,-0.000756,-0.000761,0.004249,0.006697,-0.001913,-0.00597,0.008421,-0.003387,-0.006959,0.000472,-0.001692
2024-05-07,-0.020562,-0.023568,0.016959,-0.007054,-0.003913,-0.017194,-0.006957,-0.000622,0.009493,-0.005423,-0.004311,0.001264,-0.018824,0.005087,-0.003295,0.008248,-0.005208,0.013754,0.002782,0.002741
2024-05-08,0.01066,0.007331,0.007617,0.001095,0.005189,0.004939,-0.003278,0.001713,-0.01805,0.01154,0.004771,0.007092,0.009718,-0.003102,0.012632,-0.010635,-0.004324,-0.007741,-0.010212,0.013822
2024-05-09,-0.005083,0.013429,-0.005841,0.003793,0.010277,0.021556,0.00064,0.011903,-0.002901,-0.01107,-0.004421,0.001923,-0.011723,0.000926,-0.004605,0.007156,-0.014869,-0.018057,0.012252,-0.007462
2024-05-10,0.010909,0.011042,-0.004701,-0.008079,0.013244,0.009944,0.005276,0.001924,0.002242,-0.008047,0.005527,-0.008405,0.00363,-0.002566,-0.0015,0.000681,-0.013859,0.012389,0.00098,-0.012936
2024-05-13,0.014093,0.002616,-0.000628,-0.011816,-0.006454,0.004841,-0.002099,-0.002098,-0.016873,0.009635,0.012036,0.018612,-0.012237,-0.008242,0.001031,-0.001231,0.00784,0.010991,-0.014709,-0.010598
2024-05-14,0.010546,0.001804,-0.010935,0.002749,0.007886,-0.023934,-0.003994,-0.001968,0.013307,0.001445,0.002524,-0.014977,-0.012676,0.009036,-0.002856,0.014099,-0.002006,-0.001711,-0.009273,-0.001228
2024-05-15,-0.02082,-0.000256,0.011658,0.003961,-0.012843,0.025513,0.010414,0.001637,-0.018703,-0.017081,0.000224,0.005538,-0.012216,-0.00279,-0.000759,-0.006417,-0.0031,0.009709,-0.007499,-0.005482
2024-05-16,-0.004329,-0.004617,-0.013973,0.016911,-0.009552,-0.004385,-0.014673,-0.015178,-0.002081,0.010122,0.005745,0.009577,-0.012502,-0.005561,0.000614,0.011342,0.002559,0.003543,0.008247,0.00167
2024-05-17,0.005601,0.002193,-0.000581,0.005647,0.006566,-0.002155,-0.009004,-0.005262,0.006097,0.00019,-0.009092,-0.018121,0.012592,-0.003206,0.001345,0.002193,0.007593,-0.016022,-0.004966,0.01066
2024-05-20,0.014711,-0.003806,0.000842,-0.002092,-0.014988,-0.015542,-0.017247,-0.00133,0.014306,-0.001565,-0.009695,-0.006267,0.014502,0.007771,-0.002975,-0.000745,-0.008441,-0.005282,0.002283,0.005625
2024-05-21,-0.006225,0.005989,-0.002212,0.007997,-0.01334,0.000613,-0.011934,0.001866,0.002847,-0.016855,-0.002781,0.011697,3.2e-05,-0.027902,0.003216,0.004702,0.007237,0.007664,0.022113,-0.024022
2024-05-22,-0.009303,0.0183,-0.01421,-0.009933,0.002781,-0.012553,-0.014316,0.012721,-0.019217,-0.004991,0.011022,0.011302,-0.014799,-0.018052,0.002045,-0.01238,0.004961,-0.013199,-0.012056,0.004959
2024-05-23,0.005035,0.000512,-0.006406,-0.0237,-0.01157,0.012199,0.011064,0.002637,-0.014637,0.006294,-0.008642,-0.002683,0.009866,-0.005411,0.00895,-0.002382,0.02722,-0.003948,-0.013618,0.004261
2024-05-24,0.000354,0.010147,0.012493,0.0083,-0.002779,0.002459,0.010684,-0.006493,-0.007408,-0.01016,-0.009337,-0.016598,0.000808,0.002402,-0.027331,-0.014221,0.008154,-0.008192,-0.012369,0.007733
2024-05-27,0.021164,0.01598,0.007482,0.000318,-0.003434,0.030102,0.02103,0.013067,-0.003828,-0.000125,-0.010545,-0.000874,-0.009808,-0.017995,-0.007812,-0.008513,-0.005327,-0.009852,0.001703,-0.003293
2024-05-28,0.005347,0.006316,-0.008531,0.00228,0.004649,0.003449,-0.016865,0.001717,0.016918,-0.005244,0.005986,0.003094,-0.005132,0.018484,-0.012177,0.003536,0.002517,0.001526,-0.011478,0.003424
2024-05-29,0.001772,-0.015599,0.006487,0.00662,-0.002418,0.021262,-0.000656,0.008066,-0.022464,-0.018279,-0.006633,-0.001791,-0.006639,-0.006996,-0.011129,-0.000448,-0.004521,0.010818,-0.013841,-0.008496
2024-05-30,-0.008274,-0.00562,-0.007336,0.011572,0.014054,-0.004843,0.006625,0.00528,-0.008426,0.011014,0.019592,-0.002831,0.006315,-0.021009,-0.014696,0.010493,0.004462,-0.007943,0.004216,0.009553
2024-05-31,0.010667,-0.000902,-0.016277,-0.010063,-0.007251,-0.003899,0.010866,-0.011789,-0.015397,0.005831,0.000279,-0.009518,0.026494,0.005342,-0.016384,0.000624,-0.009951,0.008472,-0.012842,-0.007432
2024-06-03,0.008133,-0.006821,-0.002462,-0.001123,-0.011281,0.010147,0.019372,0.021687,-0.011486,0.005487,0.004557,-0.002295,0.009072,-0.01131,0.014351,-0.001983,-0.009403,0.002844,0.006212,-0.005056
2024-06-04,-0.011971,-0.000514,-0.014859,0.000465,0.003852,-9.4e-05,-0.021513,-0.002583,0.001746,-0.002137,-0.007136,-0.003916,-0.007187,0.017632,0.00417,-0.013473,-0.000833,-0.012186,0.012777,-0.009191
2024-06-05,0.005952,0.014454,0.016826,-0.013766,-0.012139,0.015008,-0.00919,0.001967,-0.002902,-0.001731,0.011337,-0.005731,0.008718,-0.003762,0.000934,0.007469,-0.014956,0.006092,0.004888,-0.008623
2024-06-06,0.016124,-0.007666,0.004027,-0.009891,-0.003286,-0.000534,-0.006858,0.004258,-0.018994,0.012188,0.016634,0.006039,-0.010145,-0.001076,-0.000297,0.01474,0.003194,-0.000948,-0.001886,-0.011734
2024-06-07,-0.009756,0.002875,0.000252,-0.021792,0.020774,0.006657,0.003185,-0.005173,-0.011983,-0.007695,-0.003972,-0.001009,0.009053,-0.001405,0.017162,-0.002072,-0.021799,0.000412,0.004662,0.012825
2024-06-10,0.005691,-0.012642,-0.002815,-0.000111,-0.016334,0.002771,-0.008125,-0.004058,-0.009261,0.011357,-0.000395,-0.014222,-0.009488,-0.011271,-0.009325,-0.011663,-0.006939,0.003965,0.010756,-0.00839
2024-06-11,0.018391,0.025405,0.000117,-0.011625,0.000241,0.000773,0.015656,0.015119,0.002925,-0.004677,0.001066,0.024507,-0.007606,-0.003531,-0.007914,0.005819,-0.001782,-0.01292,-0.018839,0.00352
2024-06-12,-0.006625,0.018197,0.001091,-0.012088,0.003372,-0.015623,-0.001318,0.005161,0.008797,0.001531,-0.004133,-0.004385,-0.00373,0.003708,0.011411,0.002137,0.01363,0.006401,0.005123,-0.005278
2024-06-13,0.009718,-0.00988,0.008662,-0.010355,0.005717,0.008951,-0.003511,-0.003968,0.011554,-0.009851,0.003507,-0.002994,0.017862,0.002892,-0.002268,-0.005078,0.00446,0.010096,-0.000853,0.003398
2024-06-14,-0.000307,-0.01346,-0.008891,-0.009269,-0.000617,0.002588,0.002489,-0.015398,-0.00701,0.003005,-0.006027,-0.002179,0.00618,-0.004617,0.006515,0.000265,0.007398,0.00479,0.003709,0.009928
2024-06-17,0.001857,0.002038,0.005972,-0.002363,-0.019303,0.010825,-0.009068,-0.00369,-0.003142,-0.003224,-0.000844,0.003706,0.009551,-0.00821,0.012828,0.00788,0.020824,0.003025,0.007925,-0.001397
2024-06-18,-0.023212,0.013652,-0.00452,-0.008604,0.005823,-0.010861,-0.001369,-0.007207,-0.014461,0.00954,0.009197,0.002126,-0.013811,0.000652,-0.000357,0.004511,0.020876,0.000909,-0.004809,-0.009684
2024-06-19,0.004461,0.005453,0.004428,0.012936,-0.009406,0.004254,0.002277,-0.014061,0.003498,0.013324,0.012406,0.000208,0.012384,0.007974,-0.001824,-0.010704,-0.022891,-3.1e-05,-0.003331,0.013988
2024-06-20,0.014499,-0.009195,-0.010336,0.018661,-0.002226,-0.001198,-0.002382,-0.011794,0.005634,0.005032,-0.015067,0.008775,-0.003513,-0.011973,0.010785,0.001989,-0.005642,0.006599,0.004674,-0.009937
2024-06-21,-0.011904,-0.003384,0.014103,0.006664,0.014327,0.00909,0.001317,-0.00054,-0.007828,0.014355,0.006832,-0.000739,0.021489,-0.009242,-0.01198,0.00655,-0.001072,-0.006216,-0.005297,0.005667
2024-06-24,0.002888,-0.01064,0.008146,-0.010523,0.009631,-0.027693,-0.005136,0.012124,0.010693,0.003683,0.022809,0.005926,-0.000325,0.00535,-0.001903,0.005396,-0.026674,-0.011747,0.009032,0.00669
2024-06-25,-7.7e-05,0.013262,0.00843,-2.9e-05,0.006019,0.01701,0.001639,0.003497,-0.00934,0.012707,0.000982,0.004424,0.013142,-0.013653,-0.010953,-0.00154,-0.001616,-0.001816,-0.001645,0.002501
2024-06-26,-0.008816,0.016236,-0.009727,0.008314,0.000774,-0.010458,0.017947,0.005656,-0.020736,-0.022964,-0.001354,0.010361,-0.007986,0.004024,0.006767,0.00497,-0.004191,-0.014594,-0.00114,-0.000271
2024-06-27,-0.004848,-0.000763,-0.00662,-0.009237,0.015519,0.011103,-0.002284,0.000743,0.006305,-0.001888,-0.008101,0.009109,-0.017002,-0.009167,0.018933,-0.016962,-0.012739,0.010486,0.001489,0.003571
2024-06-28,-0.003113,0.001938,0.014893,0.001959,0.007759,-0.01319,0.006553,0.005639,0.008885,0.007933,-0.002914,0.016299,-0.008177,0.003111,-0.01936,-0.018673,-0.008776,-0.013616,0.000764,0.002521
2024-07-01,-0.008965,-0.013208,-0.011576,0.002533,-0.013326,-0.023307,-0.006702,-0.009476,-0.011125,-0.001093,-0.015836,-0.018152,0.009579,-0.014564,-0.004933,0.007429,0.026628,0.003612,0.001099,0.008239
2024-07-02,0.004172,-0.018828,0.006887,-0.004455,0.007771,-0.001915,-0.001598,-0.006723,0.010811,0.015682,-0.00714,0.023335,-0.017559,0.003935,0.011365,0.007195,0.002561,-0.002808,-0.005156,0.012178
2024-07-03,0.008788,0.006269,0.006709,-0.027875,0.00353,-0.006536,0.007621,0.002372,0.008483,0.014514,-0.012851,-0.007276,0.002272,0.001724,0.007118,-0.014889,-0.014982,0.01827,0.000896,0.010373
2024-07-04,-0.0076,0.010242,0.000185,0.012341,0.006305,-7.3e-05,-0.007832,0.003427,0.005069,0.024112,-0.013221,-0.006163,-0.008189,0.009944,-0.002544,-0.007199,-0.002701,-0.001687,0.016392,0.000712
2024-07-05,0.006525,0.000526,-0.008653,0.001134,0.003812,0.000772,0.004944,-0.000976,-0.000344,-0.009351,-0.007892,-0.000439,-0.001463,0.006934,-0.006223,0.008643,0.003682,-0.001853,-0.012317,-0.013376
2024-07-08,-0.002057,0.001582,-0.001066,-0.001578,0.001011,-0.000779,0.005789,-0.00064,-0.027135,-0.010257,-0.007305,0.005302,-0.007246,0.006407,-0.006488,0.004337,0.016265,0.002685,-0.000521,-0.006471
2024-07-09,0.006112,0.006203,-0.001972,-0.008157,0.012539,0.017223,-0.002341,0.001402,-0.013919,-0.00778,0.007527,0.000737,-0.002065,-0.001395,-0.002567,0.013881,0.008446,-0.002015,-0.016116,0.004161
2024-07-10,-0.00975,0.00295,-0.014478,0.008312,0.003947,0.010505,9.7e-05,0.001913,-0.003222,0.021104,-0.004692,-0.005354,-0.00263,-0.005838,-0.019282,-0.01243,-0.005013,-0.002057,-7.3e-05,-0.026415
2024-07-11,0.002719,0.011323,0.012244,-0.00712,-0.000413,-0.017421,0.001156,-0.009258,0.007396,-0.002562,0.000813,-0.001346,0.000609,-0.001918,-0.015262,-0.024843,-0.000864,0.007175,0.00125,-0.002345
2024-07-12,-0.022513,0.001544,-0.011009,0.005543,0.004543,-0.000228,0.010459,-0.002293,-0.004851,0.013586,0.008143,-0.006339,0.007226,0.006124,0.01444,-0.016003,-0.001509,-0.001206,-0.000889,0.030503
2024-07-15,-0.007546,-0.005341,-0.006532,0.003777,0.015828,-0.013699,0.01073,0.011323,-0.00846,-0.004522,-0.010566,-0.003855,-0.016357,5.3e-05,0.003727,-0.00494,0.011776,0.015463,-0.015131,0.007197
2024-07-16,0.006586,-0.00139,-0.009221,0.005944,0.003244,-0.011544,-0.00198,0.005699,-1e-05,-0.002196,0.008525,0.002716,-0.016114,-0.001104,0.005677,-0.002663,-0.02283,0.005279,-0.002904,0.00212
2024-07-17,-0.004023,0.028129,-0.012272,-0.000212,0.00099,0.006196,0.015839,-0.001086,-0.009866,0.007983,-0.009815,0.00771,0.00651,-0.008497,-0.011355,0.007696,0.001645,-0.004331,0.000367,-0.011474
2024-07-18,-0.00963,-0.000318,-0.0027,0.006912,0.006442,-0.020423,0.005301,-0.002069,-0.013408,0.023267,0.007049,-0.003506,-0.002983,0.022253,0.023978,-0.003134,0.007,-0.009621,-0.009505,0.016754
2024-07-19,0.003754,0.016329,0.019239,-0.002814,0.004216,-0.013887,0.003993,-0.000354,-0.018964,0.000516,-0.00299,-0.018538,0.012328,0.005665,-0.004513,-0.004108,0.004577,-0.004068,-0.000929,0.000417
2024-07-22,0.014478,-0.010627,-0.006588,-9.6e-05,0.002127,0.000556,0.002151,-0.002602,0.002144,0.010641,-0.012572,-0.003009,0.005487,-0.007412,-0.008115,-0.000692,0.004497,0.006405,0.010991,0.004923
2024-07-23,-0.00936,-0.004946,0.005915,0.003603,-0.006139,0.000464,-0.003732,-0.012125,-0.011647,-0.001903,-0.003682,0.011291,0.008239,0.008297,0.000166,0.023856,-0.004469,0.004184,-0.025259,0.009996
2024-07-24,0.006955,0.00608,0.008772,-0.000971,-0.003214,-0.005536,-0.003775,-0.010468,-0.011882,0.00441,0.009147,0.004144,0.01455,0.00586,-0.002964,0.001307,-0.015048,0.006398,-4.7e-05,0.00561
2024-07-25,0.009773,0.010824,-0.002906,-0.01414,-0.005053,-0.017219,0.000353,0.007298,-0.003405,-0.008094,0.003833,0.008375,0.014851,-0.028434,-0.002859,-0.002737,-0.000488,0.007937,0.000637,0.003831
2024-07-26,-0.007465,-0.00909,-0.001263,-0.001088,-0.003696,-0.009057,-0.02563,-0.009607,9.4e-05,-0.019113,0.002435,0.004447,0.014948,-0.015693,-0.003365,0.008606,-0.017646,-0.004682,-0.024586,-0.006715
2024-07-29,-0.012121,-0.017702,-0.007746,0.015961,0.021044,0.002548,0.007594,0.009566,0.001804,0.009566,-0.002385,-0.004411,0.017049,0.000867,-0.003068,0.01392,-0.001258,0.002009,0.015068,-0.00812
2024-07-30,0.005512,0.001551,-0.01774,-0.00499,0.010103,0.010058,-0.011865,0.012222,0.020482,-0.00826,0.020605,0.004621,0.0139,-0.019038,-0.016373,0.007245,0.007462,-0.010303,-0.005732,-0.002712
2024-07-31,-0.018923,0.004678,-0.014344,-0.008096,0.01367,-0.007196,0.004248,0.017672,-0.003228,0.008023,0.01619,0.005861,0.011846,-0.013007,0.001325,-0.017227,0.000263,0.001811,0.016234,0.006062
2024-08-01,-0.017809,-0.001521,-0.011611,-0.01173,-0.004044,0.007596,-0.007305,-0.005428,0.005855,0.003887,-0.004959,0.010811,-0.004752,-0.00284,-0.00727,0.008146,0.014564,-0.007904,-0.000374,-0.001424
2024-08-02,0.003832,-0.006453,0.00546,0.007787,-0.014727,-0.007066,0.008895,-0.014476,0.009951,-0.01286,0.006115,-0.013346,0.003201,-0.025836,-0.014907,-0.002268,-0.006839,0.005883,0.00771,-0.009418
2024-08-05,0.003259,-0.000519,-0.018051,-0.018192,-0.004973,0.007955,0.013127,0.023274,0.00826,0.010905,0.013249,0.010319,0.000113,0.006654,-0.00728,-0.010059,0.015781,0.004154,0.01447,0.007701
2024-08-06,-0.017252,0.006743,0.001103,-0.005706,-0.000465,-0.001398,0.000412,-0.018856,0.003421,-0.023549,-4e-06,0.008425,-0.008777,0.011317,0.006824,-0.013672,0.004967,-0.017966,-0.003647,0.00661
2024-08-07,-0.002942,-0.013534,-0.015524,0.004476,-0.004117,0.008748,-0.000386,-0.001436,0.008396,0.002447,-0.006323,0.002181,0.004158,-0.017428,-0.006088,-0.01753,0.004069,0.003175,-0.007873,-0.002464
2024-08-08,0.001614,0.00356,-0.000491,-0.022899,-0.007805,0.002673,-0.008557,0.006222,-0.003609,-0.004707,0.011382,-0.010664,-0.021653,-0.002928,0.004914,0.001431,-0.007952,-0.010648,-0.011475,0.003619
2024-08-09,-0.009553,-0.003895,0.00141,0.001879,9.1e-05,-6.1e-05,-0.009077,0.006815,-0.007012,0.006096,0.006474,-0.002345,-0.005628,0.008988,-0.00796,-0.001067,0.019297,0.000385,-0.009668,-0.00298
2024-08-12,0.016192,-0.01093,0.00131,0.005581,-0.005482,-0.007016,0.00747,-0.00081,-0.003799,0.006034,0.000141,0.00281,0.00549,-0.009261,0.003244,0.006887,0.002631,0.011707,0.013166,0.001284
2024-08-13,-0.008759,0.019879,-0.016304,-0.007279,0.009165,0.004692,0.018917,-0.005209,0.014442,0.013029,0.002523,0.005453,0.000389,0.002633,-0.003164,-0.00347,-0.004995,-0.004244,-0.008448,0.00621
2024-08-14,0.013611,-0.001085,-0.004464,-0.011005,-0.01077,0.023657,0.008724,0.00558,0.016491,-0.003388,-0.00864,-0.001613,0.009463,-0.022074,-0.015284,0.014593,-0.013462,-0.005295,0.013903,-0.002082
2024-08-15,0.014191,0.003904,0.007363,-0.001537,0.004764,-0.008703,-0.006551,0.012456,-0.009995,-0.017123,-0.002869,-0.001842,0.012216,-0.003712,0.001521,-0.008822,-0.010974,-0.003127,-0.002018,-0.003058
2024-08-16,-0.002649,0.002514,0.001791,0.007579,-0.001787,0.007388,-0.000274,0.003791,-0.014464,0.009035,0.001453,0.005661,-0.011746,-0.002819,-0.015619,0.014321,0.001486,-0.007406,-0.00718,-0.006279
2024-08-19,0.000949,-0.004799,-0.002238,0.001051,-0.005753,-0.015192,0.015951,-0.003512,0.006255,0.006882,-0.010182,0.008528,-0.014481,0.006545,-0.001829,-0.003332,0.005055,-0.00177,0.02965,-0.009901
2024-08-20,-0.013198,0.002927,-0.000799,0.009971,-0.004008,0.012563,0.016121,-0.002085,0.005617,0.012711,0.008981,-0.00598,0.008331,0.003594,-0.013145,0.014225,0.005558,0.005639,-0.001424,-0.002932
2024-08-21,-0.003425,0.01053,-0.004668,-0.008085,-0.009451,-0.010879,0.005802,0.013499,-0.007167,-0.003527,-0.014722,0.014645,0.006873,-0.007428,0.016642,-0.002006,-0.015404,0.000524,-0.013017,0.010859
2024-08-22,-0.00571,-0.002559,-0.005276,-0.000605,-0.000843,-0.008687,0.020544,-0.005406,0.00548,-0.013957,-0.006996,0.010111,-0.032812,-0.005233,-0.002002,0.007676,0.016444,-0.018573,0.002822,0.010051
2024-08-23,0.020309,0.00137,-0.011942,-0.008248,-0.001326,-0.006853,0.005548,-0.016731,-0.00308,0.000623,-0.017087,0.005183,-0.000846,0.012336,0.003302,-0.0033,-0.0021,-0.001449,0.003593,0.00167
2024-08-26,-0.003743,0.02478,0.000105,-0.013987,0.010674,0.004142,-0.016103,-0.004759,-0.011125,-0.011519,0.002259,-0.009168,-0.004212,0.012949,-0.02206,0.00119,-0.018343,-0.002435,0.005879,0.011747
2024-08-27,-0.01826,-0.028835,0.014408,-0.000344,-0.009055,-0.000842,0.012195,-0.00697,-0.001895,-0.006703,-0.000761,0.009251,-0.012819,-0.01375,-0.011792,0.00229,0.010885,0.006871,0.010933,-0.010716
2024-08-28,0.003246,0.016158,0.001442,0.00704,-0.001061,0.009774,0.005347,-0.006097,0.006771,-0.002046,-0.002532,0.003762,0.009033,0.00126,0.015404,0.015898,-0.000621,-0.005097,0.005115,-0.001326
2024-08-29,0.00678,0.003125,0.002542,0.000738,0.006802,-0.005685,-0.005473,0.006419,-0.002021,-0.00542,-0.010248,0.001095,-0.019942,0.014229,0.001416,2.6e-05,-0.004385,0.005572,0.000613,0.012663
2024-08-30,-0.011092,0.006472,0.012812,0.003298,0.025496,0.007001,0.007312,-0.022689,-0.001848,0.015122,0.003673,-0.00116,-0.000376,0.005402,0.003058,-0.017277,-0.000668,0.006716,-0.013659,0.008997
2024-09-02,-0.01161,0.006941,0.009931,0.001859,-0.004799,0.006397,0.003703,-0.014034,-0.006874,0.002551,0.00827,0.012804,0.006263,0.003292,-0.009713,-0.001569,-0.006332,-0.014852,-0.025893,0.00142
2024-09-03,-0.010835,-0.00427,0.006673,0.004837,-0.000384,-0.004157,0.007014,0.015896,-0.001797,-0.003133,-0.016108,0.002501,-0.018632,0.001968,0.015494,-0.002723,0.007911,-0.024093,0.006519,-0.008714
2024-09-04,-0.001552,-0.006085,-0.009812,0.014079,-0.001848,-0.00563,0.011294,0.012408,-0.021455,-0.011773,-0.011457,0.005231,-0.004026,0.000792,0.003194,-0.003452,0.020018,0.009613,0.002278,-0.01827
2024-09-05,-0.010499,0.002318,0.009516,0.000103,0.005487,0.013103,-0.017335,0.003594,0.005075,-0.000557,-0.00106,0.013396,-0.004627,0.000392,-0.008021,0.011407,-0.006193,0.011968,0.006543,-0.014048
2024-09-06,-0.006389,0.006057,0.009205,0.018625,0.010349,0.008858,-0.006901,-0.004036,0.003796,0.017428,-0.012804,0.022514,-0.003229,-0.012261,0.005706,-0.002123,-0.006922,0.010757,-0.004742,0.000251
2024-09-09,-0.01072,0.009798,-0.018718,0.01314,-0.013168,-0.001489,-0.002085,0.007834,0.018605,0.009583,-0.000419,-0.012484,0.010943,-0.008782,-0.000705,-0.009348,0.009848,0.007318,-0.013091,-0.001478
2024-09-10,-0.001604,0.012346,-0.001208,0.002181,0.014344,0.010372,-0.012923,0.019309,-0.006603,-0.010077,0.000568,0.00668,-0.003556,0.009245,0.001688,0.005912,0.018668,-6.1e-05,0.005738,0.015126
2024-09-11,0.012944,0.013547,0.000992,0.00388,-0.005497,-0.009732,0.005553,-0.013897,0.00796,0.000522,-0.003126,-0.000656,-0.002919,0.005803,-0.009565,-0.00272,0.00442,0.005312,-0.016679,0.014282
2024-09-12,-0.008906,-0.013146,-0.004638,-0.002462,-0.00568,0.00815,-0.008678,-0.005533,-0.003139,-0.010827,-0.004836,0.012004,0.013881,0.0073,0.005254,-0.007845,-0.001015,0.015932,0.001636,0.005817
2024-09-13,0.013899,-0.003156,0.003277,0.00127,-0.002314,-0.017128,-0.030588,-0.009756,0.005196,-0.021479,0.01004,0.010536,-0.006906,-0.002852,-0.013284,0.010199,-0.005796,-0.010006,-0.013699,0.005175
2024-09-16,-0.013742,-0.013713,0.020754,-0.000391,0.020785,0.003557,-0.005018,-0.005102,0.007751,0.008877,0.013329,0.017554,-0.012815,0.003656,0.003958,-0.010078,-0.008345,-0.015883,6e-05,-0.012625
2024-09-17,0.017909,0.002742,0.003556,8.1e-05,0.017436,-0.000366,0.007219,0.003769,-0.010119,-0.000379,0.001832,0.003703,0.008497,0.002787,0.008611,-0.003206,-0.008502,-0.009676,0.006069,0.013536
2024-09-18,-0.005541,-0.018426,0.001627,-0.006807,0.010322,0.001974,-0.006134,0.005503,0.004471,0.005104,-0.007913,0.022334,-0.006639,0.005118,0.016333,0.023193,0.002637,0.011295,0.000976,-0.001303
2024-09-19,0.00399,-0.008691,0.007917,-0.01546,-0.008609,0.004894,0.014367,-0.000643,-0.015157,0.010579,-0.016893,-0.017135,0.001709,0.000824,-0.003277,-0.003753,0.005757,0.004865,-0.003543,-0.011843
2024-09-20,0.00714,0.00271,-0.015333,0.022717,-0.002462,-0.019524,-0.006417,-0.010235,-0.025642,0.007617,-0.007213,-0.00764,0.004147,0.00265,-0.001586,0.011749,0.006745,-0.011269,0.002338,-0.006236
2024-09-23,0.001007,0.005442,0.003682,0.004461,-0.01347,-0.003207,-0.000316,-0.008855,-0.011157,-0.016131,-0.008504,0.004147,-0.00158,-0.005889,-0.009907,0.004377,-0.00786,-0.008223,0.008603,0.002673
2024-09-24,0.001432,0.004522,-0.003991,0.014096,-0.002143,0.011492,-0.014139,0.005822,-0.025048,-0.001576,-0.0132,-0.008549,0.002901,-0.000514,0.002878,0.001115,-0.005079,0.00207,0.005965,0.008032
2024-09-25,-0.010912,0.012977,-0.004127,0.001774,-0.000725,0.012918,-0.003515,-0.001279,0.003668,-0.001989,-0.002444,-0.002145,0.002167,0.02187,0.005182,-0.005201,-0.00404,-0.001284,-0.004844,-0.032507
2024-09-26,-0.002736,-0.000326,0.007686,-0.009067,0.017947,-0.01382,-0.00607,0.005726,0.010331,-0.00166,0.00232,0.005571,0.004258,0.00638,-0.00877,-0.016328,0.010512,-0.002298,0.000723,-0.021339
2024-09-27,-0.004872,0.002898,-0.005641,-0.01175,-0.023433,0.009263,0.003091,-0.002986,-0.007511,0.017743,-0.011659,-0.003925,0.006747,-0.010429,0.00503,-0.014781,0.008626,0.001894,-0.001421,-0.004161
2024-09-30,-0.009349,0.003828,-0.011986,-0.013066,-0.005559,0.00959,0.015938,0.005501,0.017449,-0.002341,0.007712,0.015386,0.004705,-0.004756,0.012516,-0.007204,0.012605,-0.012908,0.018702,-0.009212
2024-10-01,-0.003799,0.016911,-0.011388,0.000792,0.00447,0.006787,-0.004016,-0.007442,0.000176,-0.006837,-0.001962,-0.002287,-0.003452,0.016236,0.014275,-0.003482,0.009076,0.004584,0.002429,0.000832
2024-10-02,0.015149,-0.022987,-0.000811,0.006999,0.009054,-1.8e-05,0.002301,-0.002642,0.006798,-0.009447,-0.001762,-0.005066,0.004658,-0.010712,-0.008945,0.003507,0.019226,-0.013036,0.012085,0.007267
2024-10-03,0.010668,0.011762,0.015427,-0.017241,0.009992,-0.010089,-0.018022,0.013401,0.007657,0.003532,-0.01064,0.002927,0.005171,-0.011991,0.009929,-0.007248,-5e-05,-0.005318,0.006493,-0.017404
2024-10-04,-0.011853,-0.014986,0.019597,0.005095,-0.005463,-0.010491,-0.001703,0.009743,-0.004609,-0.002432,0.009554,0.002806,-0.003146,0.01209,-0.013566,0.00181,-0.003666,-0.024962,-0.000534,-0.013386
2024-10-07,0.003257,0.008516,0.025965,0.007565,0.011565,0.01112,0.003182,-0.002353,-0.010128,0.015318,0.004092,-0.001929,-0.013303,0.000808,-0.002326,0.01047,-0.004057,0.011072,0.005551,0.019278
2024-10-08,-0.015927,-0.006833,-0.00477,0.002115,0.012661,0.008927,0.005198,-4.6e-05,-0.001378,-0.003518,-0.012503,0.014506,-0.015761,-0.009718,-0.010098,0.009924,0.010445,0.003713,0.002049,0.013911
2024-10-09,0.003093,0.002273,-0.000853,0.005387,0.014863,-0.004297,-0.027409,0.003349,-0.016057,-0.016004,0.001146,-0.005076,-0.014485,-0.001192,0.006585,0.011872,0.011862,0.009621,0.006,-0.01196
2024-10-10,0.006835,0.009839,0.004731,-0.003862,0.005175,-0.014413,0.009719,0.008493,0.000663,-0.009222,-0.007516,0.00266,-0.007131,0.000726,0.00322,0.00057,0.00086,-0.007924,-0.006535,0.010084
2024-10-11,0.003946,-0.004495,0.003893,0.016288,0.010183,-0.009798,-0.011448,0.016225,-0.007134,-0.008041,-0.018026,-0.000137,0.008982,-0.003833,0.000504,-0.009115,-0.011743,0.010024,0.01019,-0.017734
2024-10-14,0.018461,-0.018277,0.008445,0.022024,0.001279,-0.011483,0.004048,-0.003153,-0.002899,0.014448,-0.003243,-0.002012,-0.001033,-0.0082,-0.010715,-0.000614,0.004196,0.018741,0.021535,-0.001953
2024-10-15,0.006317,-0.019692,0.001029,-0.00129,0.002955,0.007186,0.003803,0.003173,0.01168,-0.008285,0.008243,0.007075,-0.009235,0.017582,0.006427,-0.009504,0.006049,0.016145,-0.019349,-0.00016
2024-10-16,0.008496,0.008946,-0.001762,-0.011232,-0.015006,0.020465,0.00816,-0.002465,-0.006141,0.003203,0.011705,0.004235,-0.012595,0.009209,0.009013,-0.007778,-0.008674,0.013232,-0.004956,0.000936
2024-10-17,-0.004383,0.012639,0.013443,0.018625,-0.006444,0.006782,-0.010809,0.020787,-0.002927,-0.009654,-0.010541,0.006767,0.001557,0.000207,0.001656,-0.004342,0.014614,-0.010183,0.004009,0.00749
2024-10-18,-0.010492,-0.021117,-5.9e-05,-0.003668,0.006636,-0.011252,-0.009645,0.018497,-0.005533,-0.010658,0.003496,0.003626,-0.010939,-0.002369,-0.008079,0.01189,-0.008028,0.008157,0.003814,0.001458
2024-10-21,0.001623,0.006008,0.013519,0.011814,-0.010045,0.020096,-0.001907,0.002163,-0.003893,-0.00405,-0.001606,-0.015812,0.002131,-0.007576,-0.015162,0.006362,-0.009632,0.014828,-0.013793,-0.004231
2024-10-22,0.013237,0.001773,0.005095,-0.021869,0.00075,-0.007277,0.004,-0.016551,-0.013556,0.004831,-0.001405,-0.000655,0.007605,-0.013106,-0.014773,-0.006392,0.014579,0.001669,0.012647,-0.005516
2024-10-23,-0.008977,0.01891,0.005777,-0.01157,-0.009435,0.001825,-0.005373,0.003189,0.007972,0.000185,0.00061,-0.003688,-0.002788,0.000475,0.012252,-0.001044,-0.021978,-0.005865,-0.006624,0.018501
2024-10-24,0.002183,0.004935,0.004773,0.006696,0.004095,-0.004255,-0.00247,-0.009345,0.017165,0.021444,0.003957,0.003244,0.005907,0.008819,-0.008817,0.025423,0.006122,0.022076,-0.006286,0.012366
2024-10-25,0.000162,0.017472,0.000491,0.005706,0.012328,-0.013067,-0.010115,-0.005934,-0.006702,0.001804,-0.003238,-0.009952,0.007367,0.000298,-0.006231,-0.005902,0.020969,0.010218,0.007607,0.001836
2024-10-28,-0.004865,0.009039,-0.011272,-0.015915,-0.005529,0.007058,0.009348,0.003578,0.008714,-0.001069,-0.008038,-0.004411,0.004455,-0.000202,0.001848,-0.00364,-0.00634,-0.004418,-0.002076,0.008012
2024-10-29,-0.022003,0.009625,0.008725,-0.020521,0.004465,-0.005675,0.002745,0.017057,0.005875,0.001344,-0.007901,0.00782,0.014355,-0.020765,0.00437,-0.006178,-0.000159,-0.024152,0.009792,-0.000543
2024-10-30,0.008798,0.014591,0.017245,-0.000463,0.008064,0.010121,-0.018257,-0.0073,-0.012403,0.006339,0.000692,0.001246,-0.016039,-0.001463,-0.005773,0.007108,0.011277,-0.00304,0.002724,-0.011443
2024-10-31,0.012075,-0.009049,0.008793,0.006721,0.004545,-0.011482,-0.019626,0.006747,-0.002365,-0.007807,0.004732,0.004265,-0.00476,-0.015183,-0.005996,-0.002659,-0.010016,0.004888,-0.010436,0.009906
2024-11-01,0.015239,-0.006004,-0.002992,0.009179,0.009137,-0.013399,-0.012486,-0.000579,-0.026825,0.007525,0.000309,0.003431,0.02076,0.010549,-0.00963,-0.001576,-0.005619,-0.002329,0.001187,0.010255
2024-11-04,0.032693,0.006261,-0.003252,-0.019406,0.008799,-0.008681,-0.002443,-0.001214,-0.003014,0.006064,0.016771,0.019742,0.01637,0.00485,0.009681,0.008033,-0.012951,-0.012333,-0.012971,0.005493
2024-11-05,0.003656,-0.005312,-0.007,-0.004232,-0.004895,0.022847,0.000175,-0.003071,0.013282,0.009959,-0.009948,-0.005833,0.00661,0.01041,-0.009592,0.002655,0.016242,-0.008032,0.00083,-0.003493
2024-11-06,-0.015328,-0.002612,0.009108,0.004685,-0.003211,0.017202,0.013481,0.007739,-0.008503,0.006183,0.009717,8.8e-05,0.011074,0.019647,0.025001,-0.015372,0.00993,-0.00066,0.016049,0.021046
2024-11-07,-0.012463,-0.020525,0.002164,-0.005222,-0.002141,0.015403,-0.010991,-0.000312,0.01509,-0.012137,0.005588,-0.003012,-0.008045,-0.003696,0.017771,-0.004653,-0.017307,0.000151,-0.020743,0.008056
2024-11-08,-0.003963,-0.00422,0.028692,-0.01185,0.014669,-0.007001,-0.000266,-0.017233,0.009158,0.012407,-0.01099,-0.004138,0.001037,-0.018124,0.010517,-0.017425,-0.012069,-0.008919,-0.003113,0.013034
2024-11-11,0.003615,-0.000661,0.015955,-0.006426,-0.000594,0.018211,-0.010359,0.006459,-0.007308,-0.004541,0.001517,-0.001763,0.01265,0.001589,-0.003138,-0.004136,0.018962,-0.011604,0.00483,0.016311
2024-11-12,-0.016132,0.003105,0.005006,0.003638,0.003531,0.00643,0.019235,0.004554,0.016927,0.009735,-0.013576,-0.017038,0.002969,-0.006804,0.006388,-0.000414,0.017848,0.008079,0.019116,-0.005716
2024-11-13,0.004503,0.005709,-0.001139,-0.005109,-0.013199,-0.00653,-0.005525,-0.011472,0.00454,-0.000372,0.002968,-0.000843,0.002921,-0.016354,0.007673,-0.006094,0.000157,0.004661,-0.00798,0.011018
2024-11-14,-0.014129,-0.005202,-0.003953,0.009105,-0.004898,0.010608,-0.00996,0.002662,-0.010301,0.016405,-0.008967,-0.0105,0.01348,-0.002813,0.007547,-0.013216,-0.012442,-0.001685,-0.004421,-0.011766
2024-11-15,-0.002134,-0.008201,-0.002194,0.004533,0.001786,0.014674,0.009953,-0.011747,-0.005635,0.003092,0.00827,0.006631,-0.004357,-0.004329,-0.001494,-0.004781,-0.021264,-0.012043,-0.003689,0.012895
2024-11-18,-0.010465,0.005193,-0.001106,0.012043,0.005461,0.006505,0.00639,-0.000527,-0.006521,0.002708,-0.006419,-0.002968,0.014111,-0.011908,0.007357,0.007465,0.000631,0.006578,0.013281,-0.015062
2024-11-19,0.009971,0.000295,0.010919,0.007349,0.010159,0.00629,-0.005833,0.009757,0.005174,0.002948,-0.000347,0.000191,0.001581,-0.005824,-0.004931,0.002368,0.00019,0.002159,-0.0014,0.015344
2024-11-20,-0.011699,0.003472,-0.009847,-0.020467,-0.006577,0.003702,-0.017748,-0.010581,0.005742,0.0031,0.00222,0.005529,0.017078,0.001462,-0.008182,-0.005698,-0.001375,0.002852,0.004496,-0.005301
2024-11-21,0.007955,-0.000723,0.00197,0.006177,-0.004876,-0.000859,-0.006079,-0.016777,0.00665,0.004359,0.009373,-0.007916,0.018287,0.001282,-0.007148,0.012122,-0.000996,-0.000109,0.002428,0.003531
2024-11-22,0.007263,-0.002069,0.009956,-0.01696,-0.006247,-0.001223,-0.01149,-0.009554,-0.00834,-0.02394,-0.000965,-0.000208,-0.011278,-0.011613,0.008787,0.004777,-0.005946,-0.01373,-0.002274,-0.01064
2024-11-25,-0.002454,0.004506,0.0071,0.028106,-0.004297,0.013386,-0.005088,0.014896,0.002981,0.014859,0.005657,0.000674,-0.010903,0.001453,-0.00929,0.011789,0.004756,0.00552,-0.016184,-0.004134
